method,seed,round,split,selected_examples,failure_coverage,robust_success,failure_macro_f1,rare_failure_recall,tail_risk,calibration_error,safety_violation_rate
failure_stratified_v5_full,0,0,combined_tail_stress,972,0.87500,0.55556,0.39607,0.56518,0.50000,0.12108,0.33333
failure_stratified_v5_full,0,1,combined_tail_stress,1008,0.87500,0.55556,0.40437,0.58196,0.50000,0.09013,0.33333
failure_stratified_v5_full,0,2,combined_tail_stress,1044,0.87500,0.55556,0.39907,0.58196,0.50000,0.09975,0.33333
failure_stratified_v5_full,0,3,combined_tail_stress,1080,0.87500,0.55556,0.39237,0.56378,0.50000,0.09053,0.33333
failure_stratified_v5_full,0,4,combined_tail_stress,1116,0.87500,0.55556,0.39404,0.56378,0.50000,0.09259,0.33333
failure_stratified_v5_full,0,5,combined_tail_stress,1152,0.87500,0.33333,0.39676,0.56378,0.66667,0.09011,0.44444
failure_stratified_v5_no_mechanism_deficit,0,0,combined_tail_stress,972,0.87500,0.55556,0.39607,0.56518,0.50000,0.12108,0.33333
failure_stratified_v5_no_mechanism_deficit,0,1,combined_tail_stress,1008,0.87500,0.55556,0.39797,0.57287,0.50000,0.11198,0.33333
failure_stratified_v5_no_mechanism_deficit,0,2,combined_tail_stress,1044,0.87500,0.55556,0.40844,0.59105,0.50000,0.11392,0.33333
failure_stratified_v5_no_mechanism_deficit,0,3,combined_tail_stress,1080,0.87500,0.55556,0.39821,0.58196,0.50000,0.12342,0.33333
failure_stratified_v5_no_mechanism_deficit,0,4,combined_tail_stress,1116,0.87500,0.55556,0.39787,0.57287,0.50000,0.08715,0.33333
failure_stratified_v5_no_mechanism_deficit,0,5,combined_tail_stress,1152,0.87500,0.55556,0.39101,0.57287,0.50000,0.06555,0.33333
failure_stratified_v5_no_rare_reweighting,0,0,combined_tail_stress,972,0.87500,0.55556,0.39607,0.56518,0.50000,0.12108,0.33333
failure_stratified_v5_no_rare_reweighting,0,1,combined_tail_stress,1008,0.87500,0.55556,0.40455,0.58196,0.50000,0.11526,0.33333
failure_stratified_v5_no_rare_reweighting,0,2,combined_tail_stress,1044,0.87500,0.55556,0.39538,0.56378,0.50000,0.10861,0.33333
failure_stratified_v5_no_rare_reweighting,0,3,combined_tail_stress,1080,0.87500,0.55556,0.39441,0.56378,0.50000,0.11500,0.33333
failure_stratified_v5_no_rare_reweighting,0,4,combined_tail_stress,1116,0.87500,0.55556,0.39393,0.56378,0.50000,0.09074,0.33333
failure_stratified_v5_no_rare_reweighting,0,5,combined_tail_stress,1152,0.87500,0.55556,0.38703,0.56210,0.50000,0.07425,0.33333
failure_stratified_v5_no_tail_risk,0,0,combined_tail_stress,972,0.87500,0.55556,0.39607,0.56518,0.50000,0.12108,0.33333
failure_stratified_v5_no_tail_risk,0,1,combined_tail_stress,1008,0.87500,0.55556,0.40904,0.59105,0.50000,0.14454,0.33333
failure_stratified_v5_no_tail_risk,0,2,combined_tail_stress,1044,0.87500,0.55556,0.40768,0.58364,0.50000,0.08310,0.33333
failure_stratified_v5_no_tail_risk,0,3,combined_tail_stress,1080,0.87500,0.55556,0.40684,0.57287,0.50000,0.11790,0.33333
failure_stratified_v5_no_tail_risk,0,4,combined_tail_stress,1116,0.87500,0.55556,0.40391,0.56378,0.50000,0.12628,0.33333
failure_stratified_v5_no_tail_risk,0,5,combined_tail_stress,1152,0.87500,0.55556,0.40765,0.56378,0.50000,0.13505,0.33333
failure_stratified_v5_no_calibration_term,0,0,combined_tail_stress,972,0.87500,0.55556,0.39607,0.56518,0.50000,0.12108,0.33333
failure_stratified_v5_no_calibration_term,0,1,combined_tail_stress,1008,0.87500,0.55556,0.40437,0.58196,0.50000,0.09013,0.33333
failure_stratified_v5_no_calibration_term,0,2,combined_tail_stress,1044,0.87500,0.55556,0.39855,0.58196,0.50000,0.10002,0.33333
failure_stratified_v5_no_calibration_term,0,3,combined_tail_stress,1080,0.87500,0.55556,0.39207,0.56378,0.50000,0.10856,0.33333
failure_stratified_v5_no_calibration_term,0,4,combined_tail_stress,1116,0.87500,0.55556,0.39283,0.56378,0.50000,0.09301,0.33333
failure_stratified_v5_no_calibration_term,0,5,combined_tail_stress,1152,0.87500,0.33333,0.39572,0.56378,0.66667,0.07982,0.44444
failure_stratified_v5_no_diversity_penalty,0,0,combined_tail_stress,972,0.87500,0.55556,0.39607,0.56518,0.50000,0.12108,0.33333
failure_stratified_v5_no_diversity_penalty,0,1,combined_tail_stress,1008,0.87500,0.55556,0.39509,0.57287,0.50000,0.10064,0.33333
failure_stratified_v5_no_diversity_penalty,0,2,combined_tail_stress,1044,0.87500,0.55556,0.39641,0.57287,0.50000,0.10667,0.33333
failure_stratified_v5_no_diversity_penalty,0,3,combined_tail_stress,1080,0.87500,0.55556,0.39473,0.56378,0.50000,0.11027,0.33333
failure_stratified_v5_no_diversity_penalty,0,4,combined_tail_stress,1116,0.87500,0.55556,0.39429,0.56378,0.50000,0.08688,0.33333
failure_stratified_v5_no_diversity_penalty,0,5,combined_tail_stress,1152,0.87500,0.33333,0.39589,0.56378,0.66667,0.11141,0.44444
failure_stratified_v5_no_trace_features,0,0,combined_tail_stress,972,0.87500,0.55556,0.39607,0.56518,0.50000,0.12108,0.33333
failure_stratified_v5_no_trace_features,0,1,combined_tail_stress,1008,0.87500,0.55556,0.39581,0.57287,0.50000,0.10184,0.33333
failure_stratified_v5_no_trace_features,0,2,combined_tail_stress,1044,0.87500,0.55556,0.39421,0.56378,0.50000,0.14055,0.33333
failure_stratified_v5_no_trace_features,0,3,combined_tail_stress,1080,0.87500,0.55556,0.39533,0.56378,0.50000,0.13609,0.33333
failure_stratified_v5_no_trace_features,0,4,combined_tail_stress,1116,0.87500,0.55556,0.39386,0.56378,0.50000,0.12903,0.33333
failure_stratified_v5_no_trace_features,0,5,combined_tail_stress,1152,0.87500,0.55556,0.39743,0.56378,0.50000,0.11909,0.33333
failure_stratified_v5_old_score,0,0,combined_tail_stress,972,0.87500,0.55556,0.39607,0.56518,0.50000,0.12108,0.33333
failure_stratified_v5_old_score,0,1,combined_tail_stress,1008,0.87500,0.55556,0.39062,0.56378,0.50000,0.13213,0.33333
failure_stratified_v5_old_score,0,2,combined_tail_stress,1044,0.87500,0.55556,0.39779,0.56378,0.50000,0.13509,0.33333
failure_stratified_v5_old_score,0,3,combined_tail_stress,1080,0.87500,0.55556,0.39817,0.56378,0.50000,0.13159,0.33333
failure_stratified_v5_old_score,0,4,combined_tail_stress,1116,0.87500,0.55556,0.39935,0.56378,0.50000,0.09762,0.33333
failure_stratified_v5_old_score,0,5,combined_tail_stress,1152,0.87500,0.55556,0.40041,0.56378,0.50000,0.11445,0.33333
failure_stratified_v5_full,1,0,combined_tail_stress,972,0.87500,0.88889,0.30122,0.40962,0.11111,0.15047,0.00000
failure_stratified_v5_full,1,1,combined_tail_stress,1008,0.87500,0.88889,0.29854,0.40302,0.11111,0.14500,0.00000
failure_stratified_v5_full,1,2,combined_tail_stress,1044,0.87500,0.88889,0.28578,0.40302,0.11111,0.15800,0.00000
failure_stratified_v5_full,1,3,combined_tail_stress,1080,0.87500,0.88889,0.27835,0.40302,0.11111,0.16418,0.00000
failure_stratified_v5_full,1,4,combined_tail_stress,1116,0.87500,0.88889,0.27098,0.40412,0.11111,0.17563,0.00000
failure_stratified_v5_full,1,5,combined_tail_stress,1152,0.87500,0.88889,0.27133,0.42720,0.11111,0.17443,0.00000
failure_stratified_v5_no_mechanism_deficit,1,0,combined_tail_stress,972,0.87500,0.88889,0.30122,0.40962,0.11111,0.15047,0.00000
failure_stratified_v5_no_mechanism_deficit,1,1,combined_tail_stress,1008,0.87500,0.88889,0.28553,0.40192,0.11111,0.16432,0.00000
failure_stratified_v5_no_mechanism_deficit,1,2,combined_tail_stress,1044,0.87500,0.88889,0.28217,0.40302,0.11111,0.16737,0.00000
failure_stratified_v5_no_mechanism_deficit,1,3,combined_tail_stress,1080,0.87500,0.88889,0.27472,0.41071,0.11111,0.17402,0.00000
failure_stratified_v5_no_mechanism_deficit,1,4,combined_tail_stress,1116,0.87500,0.88889,0.28074,0.44918,0.11111,0.17184,0.00000
failure_stratified_v5_no_mechanism_deficit,1,5,combined_tail_stress,1152,0.87500,0.88889,0.27372,0.47115,0.11111,0.17708,0.00000
failure_stratified_v5_no_rare_reweighting,1,0,combined_tail_stress,972,0.87500,0.88889,0.30122,0.40962,0.11111,0.15047,0.00000
failure_stratified_v5_no_rare_reweighting,1,1,combined_tail_stress,1008,0.87500,0.88889,0.29455,0.39533,0.11111,0.14434,0.00000
failure_stratified_v5_no_rare_reweighting,1,2,combined_tail_stress,1044,0.87500,0.88889,0.28565,0.40302,0.11111,0.15040,0.00000
failure_stratified_v5_no_rare_reweighting,1,3,combined_tail_stress,1080,0.87500,0.88889,0.27587,0.38874,0.11111,0.15282,0.00000
failure_stratified_v5_no_rare_reweighting,1,4,combined_tail_stress,1116,0.87500,0.88889,0.27525,0.39643,0.11111,0.16575,0.00000
failure_stratified_v5_no_rare_reweighting,1,5,combined_tail_stress,1152,0.87500,0.88889,0.27543,0.42610,0.11111,0.18402,0.00000
failure_stratified_v5_no_tail_risk,1,0,combined_tail_stress,972,0.87500,0.88889,0.30122,0.40962,0.11111,0.15047,0.00000
failure_stratified_v5_no_tail_risk,1,1,combined_tail_stress,1008,0.87500,0.88889,0.29275,0.42500,0.11111,0.16203,0.00000
failure_stratified_v5_no_tail_risk,1,2,combined_tail_stress,1044,0.87500,0.88889,0.27716,0.43929,0.11111,0.18112,0.00000
failure_stratified_v5_no_tail_risk,1,3,combined_tail_stress,1080,0.87500,0.88889,0.27925,0.48544,0.11111,0.18980,0.00000
failure_stratified_v5_no_tail_risk,1,4,combined_tail_stress,1116,0.87500,0.88889,0.27677,0.47005,0.11111,0.18538,0.00000
failure_stratified_v5_no_tail_risk,1,5,combined_tail_stress,1152,0.87500,0.88889,0.27228,0.48544,0.11111,0.17890,0.00000
failure_stratified_v5_no_calibration_term,1,0,combined_tail_stress,972,0.87500,0.88889,0.30122,0.40962,0.11111,0.15047,0.00000
failure_stratified_v5_no_calibration_term,1,1,combined_tail_stress,1008,0.87500,0.88889,0.29854,0.40302,0.11111,0.14500,0.00000
failure_stratified_v5_no_calibration_term,1,2,combined_tail_stress,1044,0.87500,0.88889,0.27475,0.38874,0.11111,0.15698,0.00000
failure_stratified_v5_no_calibration_term,1,3,combined_tail_stress,1080,0.87500,0.88889,0.27163,0.38874,0.11111,0.16372,0.00000
failure_stratified_v5_no_calibration_term,1,4,combined_tail_stress,1116,0.87500,0.88889,0.27808,0.42720,0.11111,0.17059,0.00000
failure_stratified_v5_no_calibration_term,1,5,combined_tail_stress,1152,0.87500,0.88889,0.27362,0.42720,0.11111,0.17059,0.00000
failure_stratified_v5_no_diversity_penalty,1,0,combined_tail_stress,972,0.87500,0.88889,0.30122,0.40962,0.11111,0.15047,0.00000
failure_stratified_v5_no_diversity_penalty,1,1,combined_tail_stress,1008,0.87500,0.88889,0.28886,0.40302,0.11111,0.15390,0.00000
failure_stratified_v5_no_diversity_penalty,1,2,combined_tail_stress,1044,0.87500,0.88889,0.28118,0.40302,0.11111,0.16795,0.00000
failure_stratified_v5_no_diversity_penalty,1,3,combined_tail_stress,1080,0.87500,0.88889,0.27781,0.40302,0.11111,0.16883,0.00000
failure_stratified_v5_no_diversity_penalty,1,4,combined_tail_stress,1116,0.87500,0.88889,0.26365,0.38104,0.11111,0.17453,0.00000
failure_stratified_v5_no_diversity_penalty,1,5,combined_tail_stress,1152,0.87500,0.88889,0.26503,0.38874,0.11111,0.17564,0.00000
failure_stratified_v5_no_trace_features,1,0,combined_tail_stress,972,0.87500,0.88889,0.30122,0.40962,0.11111,0.15047,0.00000
failure_stratified_v5_no_trace_features,1,1,combined_tail_stress,1008,0.87500,0.88889,0.28901,0.40302,0.11111,0.15279,0.00000
failure_stratified_v5_no_trace_features,1,2,combined_tail_stress,1044,0.87500,0.88889,0.28384,0.40302,0.11111,0.16574,0.00000
failure_stratified_v5_no_trace_features,1,3,combined_tail_stress,1080,0.87500,0.88889,0.28307,0.41071,0.11111,0.18103,0.00000
failure_stratified_v5_no_trace_features,1,4,combined_tail_stress,1116,0.87500,0.88889,0.27255,0.40302,0.11111,0.18440,0.00000
failure_stratified_v5_no_trace_features,1,5,combined_tail_stress,1152,0.87500,0.88889,0.27684,0.41841,0.11111,0.18315,0.00000
failure_stratified_v5_old_score,1,0,combined_tail_stress,972,0.87500,0.88889,0.30122,0.40962,0.11111,0.15047,0.00000
failure_stratified_v5_old_score,1,1,combined_tail_stress,1008,0.87500,0.88889,0.29129,0.40192,0.11111,0.16003,0.00000
failure_stratified_v5_old_score,1,2,combined_tail_stress,1044,0.87500,0.88889,0.27572,0.38764,0.11111,0.16936,0.00000
failure_stratified_v5_old_score,1,3,combined_tail_stress,1080,0.87500,0.88889,0.27200,0.42500,0.11111,0.18346,0.00000
failure_stratified_v5_old_score,1,4,combined_tail_stress,1116,0.87500,0.88889,0.27795,0.45577,0.11111,0.18109,0.00000
failure_stratified_v5_old_score,1,5,combined_tail_stress,1152,0.87500,0.88889,0.27691,0.45577,0.11111,0.18387,0.00000
failure_stratified_v5_full,2,0,combined_tail_stress,972,0.87500,0.55556,0.36915,0.63349,0.44444,0.08125,0.27778
failure_stratified_v5_full,2,1,combined_tail_stress,1008,0.87500,0.55556,0.36914,0.63349,0.44444,0.07314,0.27778
failure_stratified_v5_full,2,2,combined_tail_stress,1044,1.00000,0.55556,0.35608,0.60622,0.44444,0.10407,0.27778
failure_stratified_v5_full,2,3,combined_tail_stress,1080,1.00000,0.55556,0.36303,0.60478,0.44444,0.06845,0.27778
failure_stratified_v5_full,2,4,combined_tail_stress,1116,1.00000,0.55556,0.37015,0.62297,0.44444,0.08615,0.27778
failure_stratified_v5_full,2,5,combined_tail_stress,1152,1.00000,0.55556,0.36186,0.61388,0.44444,0.11629,0.27778
failure_stratified_v5_no_mechanism_deficit,2,0,combined_tail_stress,972,0.87500,0.55556,0.36915,0.63349,0.44444,0.08125,0.27778
failure_stratified_v5_no_mechanism_deficit,2,1,combined_tail_stress,1008,1.00000,0.55556,0.37083,0.65311,0.44444,0.10117,0.27778
failure_stratified_v5_no_mechanism_deficit,2,2,combined_tail_stress,1044,1.00000,0.55556,0.37512,0.64258,0.44444,0.10923,0.27778
failure_stratified_v5_no_mechanism_deficit,2,3,combined_tail_stress,1080,1.00000,0.55556,0.37320,0.65167,0.44444,0.07723,0.27778
failure_stratified_v5_no_mechanism_deficit,2,4,combined_tail_stress,1116,1.00000,0.55556,0.36416,0.64258,0.44444,0.08834,0.27778
failure_stratified_v5_no_mechanism_deficit,2,5,combined_tail_stress,1152,1.00000,0.55556,0.36205,0.64258,0.44444,0.10530,0.27778
failure_stratified_v5_no_rare_reweighting,2,0,combined_tail_stress,972,0.87500,0.55556,0.36915,0.63349,0.44444,0.08125,0.27778
failure_stratified_v5_no_rare_reweighting,2,1,combined_tail_stress,1008,0.87500,0.55556,0.36220,0.63349,0.44444,0.08394,0.27778
failure_stratified_v5_no_rare_reweighting,2,2,combined_tail_stress,1044,0.87500,0.55556,0.35015,0.61531,0.44444,0.12797,0.27778
failure_stratified_v5_no_rare_reweighting,2,3,combined_tail_stress,1080,1.00000,0.55556,0.36283,0.64402,0.44444,0.08641,0.27778
failure_stratified_v5_no_rare_reweighting,2,4,combined_tail_stress,1116,1.00000,0.55556,0.36837,0.63206,0.44444,0.11026,0.27778
failure_stratified_v5_no_rare_reweighting,2,5,combined_tail_stress,1152,1.00000,0.55556,0.36591,0.63349,0.44444,0.13154,0.27778
failure_stratified_v5_no_tail_risk,2,0,combined_tail_stress,972,0.87500,0.55556,0.36915,0.63349,0.44444,0.08125,0.27778
failure_stratified_v5_no_tail_risk,2,1,combined_tail_stress,1008,1.00000,0.55556,0.37671,0.65311,0.44444,0.11343,0.27778
failure_stratified_v5_no_tail_risk,2,2,combined_tail_stress,1044,1.00000,0.55556,0.37355,0.64258,0.44444,0.10391,0.27778
failure_stratified_v5_no_tail_risk,2,3,combined_tail_stress,1080,1.00000,0.55556,0.37745,0.64258,0.44444,0.07720,0.27778
failure_stratified_v5_no_tail_risk,2,4,combined_tail_stress,1116,1.00000,0.55556,0.37841,0.62349,0.44444,0.04987,0.27778
failure_stratified_v5_no_tail_risk,2,5,combined_tail_stress,1152,1.00000,0.55556,0.38011,0.61349,0.44444,0.05642,0.27778
failure_stratified_v5_no_calibration_term,2,0,combined_tail_stress,972,0.87500,0.55556,0.36915,0.63349,0.44444,0.08125,0.27778
failure_stratified_v5_no_calibration_term,2,1,combined_tail_stress,1008,0.87500,0.55556,0.36914,0.63349,0.44444,0.07314,0.27778
failure_stratified_v5_no_calibration_term,2,2,combined_tail_stress,1044,1.00000,0.55556,0.35480,0.60622,0.44444,0.11336,0.27778
failure_stratified_v5_no_calibration_term,2,3,combined_tail_stress,1080,1.00000,0.55556,0.37031,0.62297,0.44444,0.09443,0.27778
failure_stratified_v5_no_calibration_term,2,4,combined_tail_stress,1116,1.00000,0.55556,0.36568,0.61388,0.44444,0.05699,0.27778
failure_stratified_v5_no_calibration_term,2,5,combined_tail_stress,1152,1.00000,0.55556,0.36535,0.63349,0.44444,0.07909,0.27778
failure_stratified_v5_no_diversity_penalty,2,0,combined_tail_stress,972,0.87500,0.55556,0.36915,0.63349,0.44444,0.08125,0.27778
failure_stratified_v5_no_diversity_penalty,2,1,combined_tail_stress,1008,0.87500,0.55556,0.36613,0.63349,0.44444,0.07235,0.27778
failure_stratified_v5_no_diversity_penalty,2,2,combined_tail_stress,1044,0.87500,0.55556,0.36197,0.62440,0.44444,0.08820,0.27778
failure_stratified_v5_no_diversity_penalty,2,3,combined_tail_stress,1080,0.87500,0.55556,0.36854,0.64258,0.44444,0.11607,0.27778
failure_stratified_v5_no_diversity_penalty,2,4,combined_tail_stress,1116,0.87500,0.55556,0.36487,0.63206,0.44444,0.10733,0.27778
failure_stratified_v5_no_diversity_penalty,2,5,combined_tail_stress,1152,0.87500,0.55556,0.36406,0.64258,0.44444,0.11215,0.27778
failure_stratified_v5_no_trace_features,2,0,combined_tail_stress,972,0.87500,0.55556,0.36915,0.63349,0.44444,0.08125,0.27778
failure_stratified_v5_no_trace_features,2,1,combined_tail_stress,1008,0.87500,0.55556,0.37132,0.64258,0.44444,0.10935,0.27778
failure_stratified_v5_no_trace_features,2,2,combined_tail_stress,1044,0.87500,0.55556,0.35468,0.61531,0.44444,0.09473,0.27778
failure_stratified_v5_no_trace_features,2,3,combined_tail_stress,1080,0.87500,0.55556,0.36458,0.62440,0.44444,0.10252,0.27778
failure_stratified_v5_no_trace_features,2,4,combined_tail_stress,1116,0.87500,0.55556,0.36233,0.64402,0.44444,0.12532,0.27778
failure_stratified_v5_no_trace_features,2,5,combined_tail_stress,1152,0.87500,0.55556,0.36126,0.64402,0.44444,0.10861,0.27778
failure_stratified_v5_old_score,2,0,combined_tail_stress,972,0.87500,0.55556,0.36915,0.63349,0.44444,0.08125,0.27778
failure_stratified_v5_old_score,2,1,combined_tail_stress,1008,0.87500,0.55556,0.36683,0.63349,0.44444,0.09262,0.27778
failure_stratified_v5_old_score,2,2,combined_tail_stress,1044,0.87500,0.55556,0.37398,0.64258,0.44444,0.07510,0.27778
failure_stratified_v5_old_score,2,3,combined_tail_stress,1080,0.87500,0.55556,0.37049,0.63349,0.44444,0.07806,0.27778
failure_stratified_v5_old_score,2,4,combined_tail_stress,1116,0.87500,0.55556,0.37019,0.63349,0.44444,0.07477,0.27778
failure_stratified_v5_old_score,2,5,combined_tail_stress,1152,1.00000,0.55556,0.36675,0.62440,0.44444,0.06284,0.27778
failure_stratified_v5_full,3,0,combined_tail_stress,972,0.87500,0.77778,0.28976,0.60250,0.22222,0.06239,0.00000
failure_stratified_v5_full,3,1,combined_tail_stress,1008,0.87500,0.77778,0.29456,0.60250,0.22222,0.06996,0.00000
failure_stratified_v5_full,3,2,combined_tail_stress,1044,0.87500,0.77778,0.27253,0.57583,0.22222,0.06212,0.00000
failure_stratified_v5_full,3,3,combined_tail_stress,1080,0.87500,0.77778,0.27253,0.57583,0.22222,0.09409,0.00000
failure_stratified_v5_full,3,4,combined_tail_stress,1116,0.87500,0.77778,0.26574,0.57583,0.22222,0.09148,0.00000
failure_stratified_v5_full,3,5,combined_tail_stress,1152,0.87500,0.77778,0.26783,0.57583,0.22222,0.07373,0.00000
failure_stratified_v5_no_mechanism_deficit,3,0,combined_tail_stress,972,0.87500,0.77778,0.28976,0.60250,0.22222,0.06239,0.00000
failure_stratified_v5_no_mechanism_deficit,3,1,combined_tail_stress,1008,0.87500,0.77778,0.28954,0.60250,0.22222,0.08112,0.00000
failure_stratified_v5_no_mechanism_deficit,3,2,combined_tail_stress,1044,0.87500,0.77778,0.28837,0.60250,0.22222,0.10635,0.00000
failure_stratified_v5_no_mechanism_deficit,3,3,combined_tail_stress,1080,0.87500,0.77778,0.28552,0.60250,0.22222,0.08237,0.00000
failure_stratified_v5_no_mechanism_deficit,3,4,combined_tail_stress,1116,0.87500,0.77778,0.27302,0.58917,0.22222,0.08177,0.00000
failure_stratified_v5_no_mechanism_deficit,3,5,combined_tail_stress,1152,0.87500,0.77778,0.27759,0.58917,0.22222,0.07280,0.00000
failure_stratified_v5_no_rare_reweighting,3,0,combined_tail_stress,972,0.87500,0.77778,0.28976,0.60250,0.22222,0.06239,0.00000
failure_stratified_v5_no_rare_reweighting,3,1,combined_tail_stress,1008,0.87500,0.77778,0.27417,0.57583,0.22222,0.05876,0.00000
failure_stratified_v5_no_rare_reweighting,3,2,combined_tail_stress,1044,0.87500,0.77778,0.27290,0.57583,0.22222,0.06649,0.00000
failure_stratified_v5_no_rare_reweighting,3,3,combined_tail_stress,1080,0.87500,0.77778,0.27175,0.57583,0.22222,0.06680,0.00000
failure_stratified_v5_no_rare_reweighting,3,4,combined_tail_stress,1116,0.87500,0.77778,0.26702,0.57583,0.22222,0.06577,0.00000
failure_stratified_v5_no_rare_reweighting,3,5,combined_tail_stress,1152,0.87500,0.77778,0.26815,0.57583,0.22222,0.06064,0.00000
failure_stratified_v5_no_tail_risk,3,0,combined_tail_stress,972,0.87500,0.77778,0.28976,0.60250,0.22222,0.06239,0.00000
failure_stratified_v5_no_tail_risk,3,1,combined_tail_stress,1008,0.87500,0.77778,0.29018,0.61500,0.22222,0.10654,0.00000
failure_stratified_v5_no_tail_risk,3,2,combined_tail_stress,1044,0.87500,0.77778,0.30022,0.62833,0.22222,0.10943,0.00000
failure_stratified_v5_no_tail_risk,3,3,combined_tail_stress,1080,0.87500,0.77778,0.30075,0.61583,0.22222,0.08875,0.00000
failure_stratified_v5_no_tail_risk,3,4,combined_tail_stress,1116,1.00000,0.77778,0.31426,0.64167,0.22222,0.08474,0.00000
failure_stratified_v5_no_tail_risk,3,5,combined_tail_stress,1152,1.00000,0.77778,0.33266,0.65500,0.22222,0.07631,0.00000
failure_stratified_v5_no_calibration_term,3,0,combined_tail_stress,972,0.87500,0.77778,0.28976,0.60250,0.22222,0.06239,0.00000
failure_stratified_v5_no_calibration_term,3,1,combined_tail_stress,1008,0.87500,0.77778,0.27545,0.57583,0.22222,0.07492,0.00000
failure_stratified_v5_no_calibration_term,3,2,combined_tail_stress,1044,0.87500,0.77778,0.27382,0.57583,0.22222,0.09104,0.00000
failure_stratified_v5_no_calibration_term,3,3,combined_tail_stress,1080,0.87500,0.77778,0.26789,0.57583,0.22222,0.08507,0.00000
failure_stratified_v5_no_calibration_term,3,4,combined_tail_stress,1116,0.87500,0.77778,0.26501,0.57583,0.22222,0.08956,0.00000
failure_stratified_v5_no_calibration_term,3,5,combined_tail_stress,1152,0.87500,0.77778,0.26367,0.57583,0.22222,0.07543,0.00000
failure_stratified_v5_no_diversity_penalty,3,0,combined_tail_stress,972,0.87500,0.77778,0.28976,0.60250,0.22222,0.06239,0.00000
failure_stratified_v5_no_diversity_penalty,3,1,combined_tail_stress,1008,0.87500,0.77778,0.29065,0.60250,0.22222,0.06233,0.00000
failure_stratified_v5_no_diversity_penalty,3,2,combined_tail_stress,1044,0.87500,0.77778,0.28909,0.60250,0.22222,0.08106,0.00000
failure_stratified_v5_no_diversity_penalty,3,3,combined_tail_stress,1080,0.87500,0.77778,0.27393,0.58917,0.22222,0.06841,0.00000
failure_stratified_v5_no_diversity_penalty,3,4,combined_tail_stress,1116,0.87500,0.77778,0.27607,0.58917,0.22222,0.06945,0.00000
failure_stratified_v5_no_diversity_penalty,3,5,combined_tail_stress,1152,0.87500,0.77778,0.28213,0.58917,0.22222,0.07270,0.00000
failure_stratified_v5_no_trace_features,3,0,combined_tail_stress,972,0.87500,0.77778,0.28976,0.60250,0.22222,0.06239,0.00000
failure_stratified_v5_no_trace_features,3,1,combined_tail_stress,1008,0.87500,0.77778,0.29017,0.60250,0.22222,0.06198,0.00000
failure_stratified_v5_no_trace_features,3,2,combined_tail_stress,1044,0.87500,0.77778,0.28667,0.60250,0.22222,0.08388,0.00000
failure_stratified_v5_no_trace_features,3,3,combined_tail_stress,1080,0.87500,0.77778,0.28887,0.60250,0.22222,0.06408,0.00000
failure_stratified_v5_no_trace_features,3,4,combined_tail_stress,1116,0.87500,0.77778,0.27303,0.58917,0.22222,0.07170,0.00000
failure_stratified_v5_no_trace_features,3,5,combined_tail_stress,1152,0.87500,0.77778,0.27083,0.58917,0.22222,0.06969,0.00000
failure_stratified_v5_old_score,3,0,combined_tail_stress,972,0.87500,0.77778,0.28976,0.60250,0.22222,0.06239,0.00000
failure_stratified_v5_old_score,3,1,combined_tail_stress,1008,0.87500,0.77778,0.29444,0.60250,0.22222,0.06307,0.00000
failure_stratified_v5_old_score,3,2,combined_tail_stress,1044,0.87500,0.77778,0.29464,0.60250,0.22222,0.07622,0.00000
failure_stratified_v5_old_score,3,3,combined_tail_stress,1080,0.87500,0.77778,0.29355,0.60250,0.22222,0.08563,0.00000
failure_stratified_v5_old_score,3,4,combined_tail_stress,1116,0.87500,0.77778,0.29412,0.60250,0.22222,0.09763,0.00000
failure_stratified_v5_old_score,3,5,combined_tail_stress,1152,0.87500,0.77778,0.28386,0.58917,0.22222,0.07944,0.00000
failure_stratified_v5_full,4,0,combined_tail_stress,972,0.87500,0.72222,0.36741,0.62015,0.27778,0.17230,0.11111
failure_stratified_v5_full,4,1,combined_tail_stress,1008,0.87500,0.72222,0.35574,0.59793,0.27778,0.17446,0.11111
failure_stratified_v5_full,4,2,combined_tail_stress,1044,1.00000,0.72222,0.35477,0.59052,0.27778,0.18647,0.11111
failure_stratified_v5_full,4,3,combined_tail_stress,1080,1.00000,0.72222,0.35114,0.58193,0.27778,0.17828,0.11111
failure_stratified_v5_full,4,4,combined_tail_stress,1116,1.00000,0.72222,0.34742,0.59674,0.27778,0.18293,0.11111
failure_stratified_v5_full,4,5,combined_tail_stress,1152,1.00000,0.72222,0.34445,0.58933,0.27778,0.17417,0.11111
failure_stratified_v5_no_mechanism_deficit,4,0,combined_tail_stress,972,0.87500,0.72222,0.36741,0.62015,0.27778,0.17230,0.11111
failure_stratified_v5_no_mechanism_deficit,4,1,combined_tail_stress,1008,1.00000,0.72222,0.35376,0.62015,0.27778,0.16073,0.11111
failure_stratified_v5_no_mechanism_deficit,4,2,combined_tail_stress,1044,1.00000,0.72222,0.35266,0.61215,0.27778,0.21475,0.11111
failure_stratified_v5_no_mechanism_deficit,4,3,combined_tail_stress,1080,1.00000,0.72222,0.34606,0.60474,0.27778,0.19684,0.11111
failure_stratified_v5_no_mechanism_deficit,4,4,combined_tail_stress,1116,1.00000,0.72222,0.34612,0.60474,0.27778,0.22313,0.11111
failure_stratified_v5_no_mechanism_deficit,4,5,combined_tail_stress,1152,1.00000,0.72222,0.34679,0.60474,0.27778,0.21395,0.11111
failure_stratified_v5_no_rare_reweighting,4,0,combined_tail_stress,972,0.87500,0.72222,0.36741,0.62015,0.27778,0.17230,0.11111
failure_stratified_v5_no_rare_reweighting,4,1,combined_tail_stress,1008,0.87500,0.72222,0.35400,0.59052,0.27778,0.17142,0.11111
failure_stratified_v5_no_rare_reweighting,4,2,combined_tail_stress,1044,0.87500,0.72222,0.35459,0.61052,0.27778,0.16780,0.11111
failure_stratified_v5_no_rare_reweighting,4,3,combined_tail_stress,1080,1.00000,0.72222,0.35341,0.59511,0.27778,0.17104,0.11111
failure_stratified_v5_no_rare_reweighting,4,4,combined_tail_stress,1116,1.00000,0.72222,0.34280,0.56711,0.27778,0.18397,0.11111
failure_stratified_v5_no_rare_reweighting,4,5,combined_tail_stress,1152,1.00000,0.72222,0.34256,0.59452,0.27778,0.17348,0.11111
failure_stratified_v5_no_tail_risk,4,0,combined_tail_stress,972,0.87500,0.72222,0.36741,0.62015,0.27778,0.17230,0.11111
failure_stratified_v5_no_tail_risk,4,1,combined_tail_stress,1008,1.00000,0.72222,0.35028,0.61215,0.27778,0.17122,0.11111
failure_stratified_v5_no_tail_risk,4,2,combined_tail_stress,1044,1.00000,0.72222,0.35138,0.61156,0.27778,0.18364,0.11111
failure_stratified_v5_no_tail_risk,4,3,combined_tail_stress,1080,1.00000,0.72222,0.35534,0.61956,0.27778,0.17050,0.11111
failure_stratified_v5_no_tail_risk,4,4,combined_tail_stress,1116,1.00000,0.72222,0.34996,0.61956,0.27778,0.18442,0.11111
failure_stratified_v5_no_tail_risk,4,5,combined_tail_stress,1152,1.00000,0.72222,0.35768,0.61215,0.27778,0.17061,0.11111
failure_stratified_v5_no_calibration_term,4,0,combined_tail_stress,972,0.87500,0.72222,0.36741,0.62015,0.27778,0.17230,0.11111
failure_stratified_v5_no_calibration_term,4,1,combined_tail_stress,1008,0.87500,0.72222,0.35574,0.59793,0.27778,0.17446,0.11111
failure_stratified_v5_no_calibration_term,4,2,combined_tail_stress,1044,1.00000,0.72222,0.35441,0.59052,0.27778,0.18641,0.11111
failure_stratified_v5_no_calibration_term,4,3,combined_tail_stress,1080,1.00000,0.72222,0.35114,0.58193,0.27778,0.17830,0.11111
failure_stratified_v5_no_calibration_term,4,4,combined_tail_stress,1116,1.00000,0.72222,0.34742,0.59674,0.27778,0.17518,0.11111
failure_stratified_v5_no_calibration_term,4,5,combined_tail_stress,1152,1.00000,0.72222,0.34676,0.59674,0.27778,0.17426,0.11111
failure_stratified_v5_no_diversity_penalty,4,0,combined_tail_stress,972,0.87500,0.72222,0.36741,0.62015,0.27778,0.17230,0.11111
failure_stratified_v5_no_diversity_penalty,4,1,combined_tail_stress,1008,0.87500,0.72222,0.35786,0.59052,0.27778,0.16869,0.11111
failure_stratified_v5_no_diversity_penalty,4,2,combined_tail_stress,1044,0.87500,0.72222,0.34977,0.58252,0.27778,0.18358,0.11111
failure_stratified_v5_no_diversity_penalty,4,3,combined_tail_stress,1080,0.87500,0.72222,0.35011,0.57511,0.27778,0.18484,0.11111
failure_stratified_v5_no_diversity_penalty,4,4,combined_tail_stress,1116,0.87500,0.72222,0.34772,0.58252,0.27778,0.18870,0.11111
failure_stratified_v5_no_diversity_penalty,4,5,combined_tail_stress,1152,0.87500,0.72222,0.33926,0.56711,0.27778,0.20521,0.11111
failure_stratified_v5_no_trace_features,4,0,combined_tail_stress,972,0.87500,0.72222,0.36741,0.62015,0.27778,0.17230,0.11111
failure_stratified_v5_no_trace_features,4,1,combined_tail_stress,1008,0.87500,0.72222,0.35252,0.59052,0.27778,0.17453,0.11111
failure_stratified_v5_no_trace_features,4,2,combined_tail_stress,1044,0.87500,0.72222,0.35032,0.58993,0.27778,0.19058,0.11111
failure_stratified_v5_no_trace_features,4,3,combined_tail_stress,1080,0.87500,0.72222,0.34812,0.58993,0.27778,0.19007,0.11111
failure_stratified_v5_no_trace_features,4,4,combined_tail_stress,1116,0.87500,0.72222,0.34734,0.58252,0.27778,0.19941,0.11111
failure_stratified_v5_no_trace_features,4,5,combined_tail_stress,1152,0.87500,0.72222,0.34484,0.58252,0.27778,0.18579,0.11111
failure_stratified_v5_old_score,4,0,combined_tail_stress,972,0.87500,0.72222,0.36741,0.62015,0.27778,0.17230,0.11111
failure_stratified_v5_old_score,4,1,combined_tail_stress,1008,0.87500,0.72222,0.34720,0.58252,0.27778,0.17594,0.11111
failure_stratified_v5_old_score,4,2,combined_tail_stress,1044,0.87500,0.72222,0.36076,0.62474,0.27778,0.18039,0.11111
failure_stratified_v5_old_score,4,3,combined_tail_stress,1080,0.87500,0.72222,0.34952,0.60252,0.27778,0.20471,0.11111
failure_stratified_v5_old_score,4,4,combined_tail_stress,1116,0.87500,0.72222,0.35468,0.59452,0.27778,0.18906,0.11111
failure_stratified_v5_old_score,4,5,combined_tail_stress,1152,0.87500,0.72222,0.35287,0.58711,0.27778,0.20262,0.11111
failure_stratified_v5_full,5,0,combined_tail_stress,972,0.87500,0.77778,0.28004,0.61333,0.22222,0.12387,0.00000
failure_stratified_v5_full,5,1,combined_tail_stress,1008,0.87500,0.77778,0.27357,0.58667,0.22222,0.12361,0.00000
failure_stratified_v5_full,5,2,combined_tail_stress,1044,1.00000,0.77778,0.27466,0.61333,0.22222,0.14498,0.00000
failure_stratified_v5_full,5,3,combined_tail_stress,1080,1.00000,0.77778,0.26644,0.61333,0.22222,0.14864,0.00000
failure_stratified_v5_full,5,4,combined_tail_stress,1116,1.00000,0.77778,0.26314,0.61333,0.22222,0.15005,0.00000
failure_stratified_v5_full,5,5,combined_tail_stress,1152,1.00000,0.77778,0.25952,0.61333,0.22222,0.14713,0.00000
failure_stratified_v5_no_mechanism_deficit,5,0,combined_tail_stress,972,0.87500,0.77778,0.28004,0.61333,0.22222,0.12387,0.00000
failure_stratified_v5_no_mechanism_deficit,5,1,combined_tail_stress,1008,1.00000,0.77778,0.27806,0.60000,0.22222,0.11684,0.00000
failure_stratified_v5_no_mechanism_deficit,5,2,combined_tail_stress,1044,1.00000,0.77778,0.26599,0.60000,0.22222,0.14625,0.00000
failure_stratified_v5_no_mechanism_deficit,5,3,combined_tail_stress,1080,1.00000,0.77778,0.26128,0.60000,0.22222,0.13280,0.00000
failure_stratified_v5_no_mechanism_deficit,5,4,combined_tail_stress,1116,1.00000,0.77778,0.26501,0.62000,0.22222,0.13813,0.00000
failure_stratified_v5_no_mechanism_deficit,5,5,combined_tail_stress,1152,1.00000,0.77778,0.25600,0.62667,0.22222,0.14467,0.00000
failure_stratified_v5_no_rare_reweighting,5,0,combined_tail_stress,972,0.87500,0.77778,0.28004,0.61333,0.22222,0.12387,0.00000
failure_stratified_v5_no_rare_reweighting,5,1,combined_tail_stress,1008,0.87500,0.77778,0.27653,0.61333,0.22222,0.12547,0.00000
failure_stratified_v5_no_rare_reweighting,5,2,combined_tail_stress,1044,0.87500,0.77778,0.26818,0.61333,0.22222,0.14227,0.00000
failure_stratified_v5_no_rare_reweighting,5,3,combined_tail_stress,1080,1.00000,0.77778,0.26531,0.61333,0.22222,0.13142,0.00000
failure_stratified_v5_no_rare_reweighting,5,4,combined_tail_stress,1116,1.00000,0.77778,0.25781,0.61333,0.22222,0.13983,0.00000
failure_stratified_v5_no_rare_reweighting,5,5,combined_tail_stress,1152,1.00000,0.77778,0.25465,0.61333,0.22222,0.14955,0.00000
failure_stratified_v5_no_tail_risk,5,0,combined_tail_stress,972,0.87500,0.77778,0.28004,0.61333,0.22222,0.12387,0.00000
failure_stratified_v5_no_tail_risk,5,1,combined_tail_stress,1008,1.00000,0.77778,0.26710,0.61333,0.22222,0.13579,0.00000
failure_stratified_v5_no_tail_risk,5,2,combined_tail_stress,1044,1.00000,0.77778,0.26799,0.60667,0.22222,0.15080,0.00000
failure_stratified_v5_no_tail_risk,5,3,combined_tail_stress,1080,1.00000,0.77778,0.27166,0.62000,0.22222,0.14933,0.00000
failure_stratified_v5_no_tail_risk,5,4,combined_tail_stress,1116,1.00000,0.77778,0.26657,0.60667,0.22222,0.15180,0.00000
failure_stratified_v5_no_tail_risk,5,5,combined_tail_stress,1152,1.00000,0.77778,0.26598,0.63333,0.22222,0.16644,0.00000
failure_stratified_v5_no_calibration_term,5,0,combined_tail_stress,972,0.87500,0.77778,0.28004,0.61333,0.22222,0.12387,0.00000
failure_stratified_v5_no_calibration_term,5,1,combined_tail_stress,1008,0.87500,0.77778,0.27357,0.58667,0.22222,0.12396,0.00000
failure_stratified_v5_no_calibration_term,5,2,combined_tail_stress,1044,1.00000,0.77778,0.27243,0.61333,0.22222,0.13149,0.00000
failure_stratified_v5_no_calibration_term,5,3,combined_tail_stress,1080,1.00000,0.77778,0.26712,0.61333,0.22222,0.14833,0.00000
failure_stratified_v5_no_calibration_term,5,4,combined_tail_stress,1116,1.00000,0.77778,0.26445,0.61333,0.22222,0.15058,0.00000
failure_stratified_v5_no_calibration_term,5,5,combined_tail_stress,1152,1.00000,0.77778,0.25905,0.61333,0.22222,0.14784,0.00000
failure_stratified_v5_no_diversity_penalty,5,0,combined_tail_stress,972,0.87500,0.77778,0.28004,0.61333,0.22222,0.12387,0.00000
failure_stratified_v5_no_diversity_penalty,5,1,combined_tail_stress,1008,0.87500,0.77778,0.27492,0.60000,0.22222,0.12497,0.00000
failure_stratified_v5_no_diversity_penalty,5,2,combined_tail_stress,1044,0.87500,0.77778,0.27487,0.60000,0.22222,0.11489,0.00000
failure_stratified_v5_no_diversity_penalty,5,3,combined_tail_stress,1080,0.87500,0.77778,0.26711,0.61333,0.22222,0.14271,0.00000
failure_stratified_v5_no_diversity_penalty,5,4,combined_tail_stress,1116,0.87500,0.77778,0.26192,0.61333,0.22222,0.14774,0.00000
failure_stratified_v5_no_diversity_penalty,5,5,combined_tail_stress,1152,0.87500,0.77778,0.25088,0.61333,0.22222,0.12859,0.00000
failure_stratified_v5_no_trace_features,5,0,combined_tail_stress,972,0.87500,0.77778,0.28004,0.61333,0.22222,0.12387,0.00000
failure_stratified_v5_no_trace_features,5,1,combined_tail_stress,1008,0.87500,0.77778,0.27720,0.62667,0.22222,0.12321,0.00000
failure_stratified_v5_no_trace_features,5,2,combined_tail_stress,1044,0.87500,0.77778,0.27243,0.61333,0.22222,0.12088,0.00000
failure_stratified_v5_no_trace_features,5,3,combined_tail_stress,1080,0.87500,0.77778,0.26571,0.61333,0.22222,0.14428,0.00000
failure_stratified_v5_no_trace_features,5,4,combined_tail_stress,1116,0.87500,0.77778,0.25993,0.62667,0.22222,0.13274,0.00000
failure_stratified_v5_no_trace_features,5,5,combined_tail_stress,1152,0.87500,0.77778,0.25138,0.62667,0.22222,0.14073,0.00000
failure_stratified_v5_old_score,5,0,combined_tail_stress,972,0.87500,0.77778,0.28004,0.61333,0.22222,0.12387,0.00000
failure_stratified_v5_old_score,5,1,combined_tail_stress,1008,0.87500,0.77778,0.27292,0.60000,0.22222,0.11870,0.00000
failure_stratified_v5_old_score,5,2,combined_tail_stress,1044,0.87500,0.77778,0.27054,0.61333,0.22222,0.12615,0.00000
failure_stratified_v5_old_score,5,3,combined_tail_stress,1080,0.87500,0.77778,0.26771,0.61333,0.22222,0.13181,0.00000
failure_stratified_v5_old_score,5,4,combined_tail_stress,1116,0.87500,0.77778,0.26104,0.61333,0.22222,0.14377,0.00000
failure_stratified_v5_old_score,5,5,combined_tail_stress,1152,0.87500,0.77778,0.25979,0.60000,0.22222,0.16106,0.00000
failure_stratified_v5_full,6,0,combined_tail_stress,972,0.87500,0.66667,0.35694,0.61750,0.33333,0.11925,0.11111
failure_stratified_v5_full,6,1,combined_tail_stress,1008,0.87500,0.66667,0.35220,0.60500,0.33333,0.12023,0.11111
failure_stratified_v5_full,6,2,combined_tail_stress,1044,0.87500,0.66667,0.35019,0.60500,0.33333,0.12510,0.11111
failure_stratified_v5_full,6,3,combined_tail_stress,1080,0.87500,0.66667,0.34874,0.60500,0.33333,0.12894,0.11111
failure_stratified_v5_full,6,4,combined_tail_stress,1116,0.87500,0.66667,0.34471,0.59250,0.33333,0.13068,0.11111
failure_stratified_v5_full,6,5,combined_tail_stress,1152,0.87500,0.66667,0.34286,0.59250,0.33333,0.13045,0.11111
failure_stratified_v5_no_mechanism_deficit,6,0,combined_tail_stress,972,0.87500,0.66667,0.35694,0.61750,0.33333,0.11925,0.11111
failure_stratified_v5_no_mechanism_deficit,6,1,combined_tail_stress,1008,0.87500,0.66667,0.35223,0.60500,0.33333,0.12151,0.11111
failure_stratified_v5_no_mechanism_deficit,6,2,combined_tail_stress,1044,0.87500,0.66667,0.35151,0.60500,0.33333,0.12216,0.11111
failure_stratified_v5_no_mechanism_deficit,6,3,combined_tail_stress,1080,0.87500,0.66667,0.35219,0.60500,0.33333,0.14001,0.11111
failure_stratified_v5_no_mechanism_deficit,6,4,combined_tail_stress,1116,0.87500,0.66667,0.35092,0.60500,0.33333,0.13190,0.11111
failure_stratified_v5_no_mechanism_deficit,6,5,combined_tail_stress,1152,0.87500,0.66667,0.35317,0.60500,0.33333,0.13003,0.11111
failure_stratified_v5_no_rare_reweighting,6,0,combined_tail_stress,972,0.87500,0.66667,0.35694,0.61750,0.33333,0.11925,0.11111
failure_stratified_v5_no_rare_reweighting,6,1,combined_tail_stress,1008,0.87500,0.66667,0.35085,0.60500,0.33333,0.12084,0.11111
failure_stratified_v5_no_rare_reweighting,6,2,combined_tail_stress,1044,0.87500,0.66667,0.35073,0.60500,0.33333,0.12416,0.11111
failure_stratified_v5_no_rare_reweighting,6,3,combined_tail_stress,1080,0.87500,0.66667,0.35100,0.60500,0.33333,0.12728,0.11111
failure_stratified_v5_no_rare_reweighting,6,4,combined_tail_stress,1116,0.87500,0.66667,0.34664,0.59250,0.33333,0.13277,0.11111
failure_stratified_v5_no_rare_reweighting,6,5,combined_tail_stress,1152,0.87500,0.66667,0.33707,0.59250,0.33333,0.14426,0.11111
failure_stratified_v5_no_tail_risk,6,0,combined_tail_stress,972,0.87500,0.66667,0.35694,0.61750,0.33333,0.11925,0.11111
failure_stratified_v5_no_tail_risk,6,1,combined_tail_stress,1008,0.87500,0.66667,0.35264,0.60500,0.33333,0.13404,0.11111
failure_stratified_v5_no_tail_risk,6,2,combined_tail_stress,1044,0.87500,0.66667,0.35649,0.60500,0.33333,0.13000,0.11111
failure_stratified_v5_no_tail_risk,6,3,combined_tail_stress,1080,0.87500,0.66667,0.35801,0.60500,0.33333,0.10771,0.11111
failure_stratified_v5_no_tail_risk,6,4,combined_tail_stress,1116,0.87500,0.66667,0.35726,0.59250,0.33333,0.09641,0.11111
failure_stratified_v5_no_tail_risk,6,5,combined_tail_stress,1152,0.87500,0.66667,0.36032,0.58000,0.33333,0.08720,0.11111
failure_stratified_v5_no_calibration_term,6,0,combined_tail_stress,972,0.87500,0.66667,0.35694,0.61750,0.33333,0.11925,0.11111
failure_stratified_v5_no_calibration_term,6,1,combined_tail_stress,1008,0.87500,0.66667,0.35220,0.60500,0.33333,0.11610,0.11111
failure_stratified_v5_no_calibration_term,6,2,combined_tail_stress,1044,0.87500,0.66667,0.35003,0.60500,0.33333,0.12288,0.11111
failure_stratified_v5_no_calibration_term,6,3,combined_tail_stress,1080,0.87500,0.66667,0.35063,0.60500,0.33333,0.12576,0.11111
failure_stratified_v5_no_calibration_term,6,4,combined_tail_stress,1116,0.87500,0.66667,0.34668,0.59250,0.33333,0.13229,0.11111
failure_stratified_v5_no_calibration_term,6,5,combined_tail_stress,1152,0.87500,0.66667,0.34084,0.58000,0.33333,0.13173,0.11111
failure_stratified_v5_no_diversity_penalty,6,0,combined_tail_stress,972,0.87500,0.66667,0.35694,0.61750,0.33333,0.11925,0.11111
failure_stratified_v5_no_diversity_penalty,6,1,combined_tail_stress,1008,0.87500,0.66667,0.35312,0.60500,0.33333,0.13098,0.11111
failure_stratified_v5_no_diversity_penalty,6,2,combined_tail_stress,1044,0.87500,0.66667,0.35055,0.60500,0.33333,0.12360,0.11111
failure_stratified_v5_no_diversity_penalty,6,3,combined_tail_stress,1080,0.87500,0.66667,0.34899,0.60500,0.33333,0.12610,0.11111
failure_stratified_v5_no_diversity_penalty,6,4,combined_tail_stress,1116,0.87500,0.66667,0.34385,0.59250,0.33333,0.11877,0.11111
failure_stratified_v5_no_diversity_penalty,6,5,combined_tail_stress,1152,0.87500,0.66667,0.34345,0.59250,0.33333,0.11799,0.11111
failure_stratified_v5_no_trace_features,6,0,combined_tail_stress,972,0.87500,0.66667,0.35694,0.61750,0.33333,0.11925,0.11111
failure_stratified_v5_no_trace_features,6,1,combined_tail_stress,1008,0.87500,0.66667,0.35220,0.60500,0.33333,0.12098,0.11111
failure_stratified_v5_no_trace_features,6,2,combined_tail_stress,1044,0.87500,0.66667,0.35285,0.60500,0.33333,0.11902,0.11111
failure_stratified_v5_no_trace_features,6,3,combined_tail_stress,1080,0.87500,0.66667,0.35327,0.60500,0.33333,0.11995,0.11111
failure_stratified_v5_no_trace_features,6,4,combined_tail_stress,1116,0.87500,0.66667,0.34990,0.60500,0.33333,0.13824,0.11111
failure_stratified_v5_no_trace_features,6,5,combined_tail_stress,1152,0.87500,0.66667,0.34835,0.60500,0.33333,0.14369,0.11111
failure_stratified_v5_old_score,6,0,combined_tail_stress,972,0.87500,0.66667,0.35694,0.61750,0.33333,0.11925,0.11111
failure_stratified_v5_old_score,6,1,combined_tail_stress,1008,0.87500,0.66667,0.35249,0.60500,0.33333,0.12029,0.11111
failure_stratified_v5_old_score,6,2,combined_tail_stress,1044,0.87500,0.66667,0.34749,0.60500,0.33333,0.12777,0.11111
failure_stratified_v5_old_score,6,3,combined_tail_stress,1080,0.87500,0.66667,0.35182,0.60500,0.33333,0.11822,0.11111
failure_stratified_v5_old_score,6,4,combined_tail_stress,1116,0.87500,0.66667,0.35258,0.60500,0.33333,0.11290,0.11111
failure_stratified_v5_old_score,6,5,combined_tail_stress,1152,0.87500,0.66667,0.35310,0.59250,0.33333,0.10152,0.11111
failure_stratified_v5_full,7,0,combined_tail_stress,972,0.87500,0.61111,0.33483,0.61610,0.38889,0.11879,0.27778
failure_stratified_v5_full,7,1,combined_tail_stress,1008,0.87500,0.61111,0.33194,0.58439,0.38889,0.13906,0.27778
failure_stratified_v5_full,7,2,combined_tail_stress,1044,0.87500,0.61111,0.33062,0.59308,0.38889,0.13666,0.27778
failure_stratified_v5_full,7,3,combined_tail_stress,1080,0.87500,0.61111,0.33028,0.60178,0.38889,0.12670,0.27778
failure_stratified_v5_full,7,4,combined_tail_stress,1116,0.87500,0.61111,0.32694,0.61354,0.38889,0.12564,0.27778
failure_stratified_v5_full,7,5,combined_tail_stress,1152,0.87500,0.61111,0.32563,0.61354,0.38889,0.12291,0.27778
failure_stratified_v5_no_mechanism_deficit,7,0,combined_tail_stress,972,0.87500,0.61111,0.33483,0.61610,0.38889,0.11879,0.27778
failure_stratified_v5_no_mechanism_deficit,7,1,combined_tail_stress,1008,0.87500,0.61111,0.32948,0.58439,0.38889,0.11143,0.27778
failure_stratified_v5_no_mechanism_deficit,7,2,combined_tail_stress,1044,0.87500,0.61111,0.33194,0.61917,0.38889,0.11357,0.27778
failure_stratified_v5_no_mechanism_deficit,7,3,combined_tail_stress,1080,1.00000,0.61111,0.33412,0.63093,0.38889,0.13745,0.27778
failure_stratified_v5_no_mechanism_deficit,7,4,combined_tail_stress,1116,1.00000,0.61111,0.33552,0.60485,0.38889,0.12911,0.27778
failure_stratified_v5_no_mechanism_deficit,7,5,combined_tail_stress,1152,1.00000,0.61111,0.33613,0.61354,0.38889,0.15004,0.27778
failure_stratified_v5_no_rare_reweighting,7,0,combined_tail_stress,972,0.87500,0.61111,0.33483,0.61610,0.38889,0.11879,0.27778
failure_stratified_v5_no_rare_reweighting,7,1,combined_tail_stress,1008,0.87500,0.61111,0.33309,0.60178,0.38889,0.11868,0.27778
failure_stratified_v5_no_rare_reweighting,7,2,combined_tail_stress,1044,0.87500,0.61111,0.32834,0.60178,0.38889,0.12781,0.27778
failure_stratified_v5_no_rare_reweighting,7,3,combined_tail_stress,1080,0.87500,0.61111,0.33327,0.60178,0.38889,0.11530,0.27778
failure_stratified_v5_no_rare_reweighting,7,4,combined_tail_stress,1116,0.87500,0.61111,0.33431,0.61354,0.38889,0.12779,0.27778
failure_stratified_v5_no_rare_reweighting,7,5,combined_tail_stress,1152,0.87500,0.61111,0.33253,0.61354,0.38889,0.12209,0.27778
failure_stratified_v5_no_tail_risk,7,0,combined_tail_stress,972,0.87500,0.61111,0.33483,0.61610,0.38889,0.11879,0.27778
failure_stratified_v5_no_tail_risk,7,1,combined_tail_stress,1008,0.87500,0.61111,0.33550,0.60740,0.38889,0.13008,0.27778
failure_stratified_v5_no_tail_risk,7,2,combined_tail_stress,1044,0.87500,0.61111,0.32816,0.59308,0.38889,0.13309,0.27778
failure_stratified_v5_no_tail_risk,7,3,combined_tail_stress,1080,1.00000,0.61111,0.33526,0.59308,0.38889,0.14023,0.27778
failure_stratified_v5_no_tail_risk,7,4,combined_tail_stress,1116,1.00000,0.61111,0.33398,0.58439,0.38889,0.13367,0.27778
failure_stratified_v5_no_tail_risk,7,5,combined_tail_stress,1152,1.00000,0.61111,0.33337,0.57569,0.38889,0.12802,0.27778
failure_stratified_v5_no_calibration_term,7,0,combined_tail_stress,972,0.87500,0.61111,0.33483,0.61610,0.38889,0.11879,0.27778
failure_stratified_v5_no_calibration_term,7,1,combined_tail_stress,1008,0.87500,0.61111,0.33233,0.58439,0.38889,0.13181,0.27778
failure_stratified_v5_no_calibration_term,7,2,combined_tail_stress,1044,0.87500,0.61111,0.33062,0.59308,0.38889,0.13036,0.27778
failure_stratified_v5_no_calibration_term,7,3,combined_tail_stress,1080,0.87500,0.61111,0.33266,0.61354,0.38889,0.12547,0.27778
failure_stratified_v5_no_calibration_term,7,4,combined_tail_stress,1116,0.87500,0.61111,0.32307,0.60178,0.38889,0.11530,0.27778
failure_stratified_v5_no_calibration_term,7,5,combined_tail_stress,1152,0.87500,0.61111,0.32702,0.60178,0.38889,0.11736,0.27778
failure_stratified_v5_no_diversity_penalty,7,0,combined_tail_stress,972,0.87500,0.61111,0.33483,0.61610,0.38889,0.11879,0.27778
failure_stratified_v5_no_diversity_penalty,7,1,combined_tail_stress,1008,0.87500,0.61111,0.34016,0.62786,0.38889,0.11419,0.27778
failure_stratified_v5_no_diversity_penalty,7,2,combined_tail_stress,1044,0.87500,0.61111,0.33587,0.63963,0.38889,0.13302,0.27778
failure_stratified_v5_no_diversity_penalty,7,3,combined_tail_stress,1080,0.87500,0.61111,0.33714,0.63963,0.38889,0.12790,0.27778
failure_stratified_v5_no_diversity_penalty,7,4,combined_tail_stress,1116,0.87500,0.61111,0.33101,0.63963,0.38889,0.14334,0.27778
failure_stratified_v5_no_diversity_penalty,7,5,combined_tail_stress,1152,0.87500,0.61111,0.33029,0.63093,0.38889,0.12991,0.27778
failure_stratified_v5_no_trace_features,7,0,combined_tail_stress,972,0.87500,0.61111,0.33483,0.61610,0.38889,0.11879,0.27778
failure_stratified_v5_no_trace_features,7,1,combined_tail_stress,1008,0.87500,0.61111,0.33832,0.62786,0.38889,0.13998,0.27778
failure_stratified_v5_no_trace_features,7,2,combined_tail_stress,1044,0.87500,0.61111,0.32988,0.61917,0.38889,0.13279,0.27778
failure_stratified_v5_no_trace_features,7,3,combined_tail_stress,1080,0.87500,0.61111,0.32967,0.61917,0.38889,0.12221,0.27778
failure_stratified_v5_no_trace_features,7,4,combined_tail_stress,1116,0.87500,0.61111,0.32752,0.63093,0.38889,0.14289,0.27778
failure_stratified_v5_no_trace_features,7,5,combined_tail_stress,1152,0.87500,0.61111,0.32039,0.61354,0.38889,0.13558,0.27778
failure_stratified_v5_old_score,7,0,combined_tail_stress,972,0.87500,0.61111,0.33483,0.61610,0.38889,0.11879,0.27778
failure_stratified_v5_old_score,7,1,combined_tail_stress,1008,0.87500,0.61111,0.33556,0.61610,0.38889,0.12365,0.27778
failure_stratified_v5_old_score,7,2,combined_tail_stress,1044,0.87500,0.61111,0.32922,0.58439,0.38889,0.13544,0.27778
failure_stratified_v5_old_score,7,3,combined_tail_stress,1080,0.87500,0.61111,0.32400,0.60178,0.38889,0.13741,0.27778
failure_stratified_v5_old_score,7,4,combined_tail_stress,1116,0.87500,0.61111,0.32877,0.59308,0.38889,0.13864,0.27778
failure_stratified_v5_old_score,7,5,combined_tail_stress,1152,0.87500,0.61111,0.32600,0.60178,0.38889,0.13689,0.27778
