method,split,seeds,rounds,mean_robust_success,ci95_robust_success,mean_failure_macro_f1,ci95_failure_macro_f1,mean_rare_failure_recall,ci95_rare_failure_recall,mean_tail_risk,ci95_tail_risk,mean_calibration_error,ci95_calibration_error,mean_safety_violation_rate,ci95_safety_violation_rate,mean_failure_coverage,ci95_failure_coverage
balanced_failure_replay,actuator_limit_failures,8,5,1.00000,0.00000,0.05670,0.02176,0.00000,0.00000,0.00000,0.00000,0.09271,0.02888,0.00000,0.00000,0.90625,0.04010
balanced_failure_replay,combined_tail_stress,8,5,0.67361,0.04798,0.33870,0.02553,0.61411,0.03457,0.32639,0.04798,0.15641,0.04855,0.20139,0.05798,0.90625,0.04010
balanced_failure_replay,compound_sensor_actuator_shift,8,5,0.73611,0.05346,0.25940,0.02175,0.41979,0.09131,0.26389,0.05346,0.16400,0.04997,0.16667,0.04115,0.90625,0.04010
balanced_failure_replay,fixture_geometry_shift,8,5,0.02083,0.01993,0.34104,0.00788,0.39988,0.04822,0.97916,0.01993,0.04197,0.02021,0.25694,0.07110,0.90625,0.04010
balanced_failure_replay,jammed_fixture_failures,8,5,0.00000,0.00000,0.37722,0.00781,0.41431,0.02434,1.00000,0.00000,0.16900,0.02025,0.93055,0.04934,0.90625,0.04010
balanced_failure_replay,nominal_task_balance,8,5,1.00000,0.00000,0.00000,0.00000,0.00000,0.00000,0.00000,0.00000,0.03991,0.01092,0.00000,0.00000,0.90625,0.04010
balanced_failure_replay,out_of_distribution_tail,8,5,0.45833,0.13611,0.32742,0.02134,0.48928,0.04707,0.54167,0.13611,0.16832,0.06962,0.00694,0.01361,0.90625,0.04010
balanced_failure_replay,rare_mechanism_combo,8,5,0.48611,0.13766,0.35427,0.02182,0.55403,0.06240,0.51389,0.13766,0.11052,0.02132,0.00694,0.01361,0.90625,0.04010
balanced_failure_replay,rare_slip_failures,8,5,0.96528,0.02864,0.16454,0.03376,0.09333,0.08526,0.03472,0.02864,0.07409,0.01743,0.00694,0.01361,0.90625,0.04010
calibrated_failure_risk,actuator_limit_failures,8,5,1.00000,0.00000,0.00588,0.00770,0.00000,0.00000,0.00000,0.00000,0.07903,0.02410,0.00000,0.00000,0.90625,0.04010
calibrated_failure_risk,combined_tail_stress,8,5,0.67361,0.04798,0.34533,0.02525,0.59967,0.03445,0.32639,0.04798,0.12128,0.04268,0.20139,0.05798,0.90625,0.04010
calibrated_failure_risk,compound_sensor_actuator_shift,8,5,0.73611,0.05346,0.24991,0.02456,0.43329,0.07417,0.26389,0.05346,0.15674,0.04775,0.16667,0.04115,0.90625,0.04010
calibrated_failure_risk,fixture_geometry_shift,8,5,0.02083,0.01993,0.34026,0.00560,0.40262,0.04321,0.97916,0.01993,0.07378,0.02682,0.25694,0.07110,0.90625,0.04010
calibrated_failure_risk,jammed_fixture_failures,8,5,0.00000,0.00000,0.38236,0.01316,0.42569,0.01785,1.00000,0.00000,0.19288,0.02342,0.93055,0.04934,0.90625,0.04010
calibrated_failure_risk,nominal_task_balance,8,5,1.00000,0.00000,0.00000,0.00000,0.00000,0.00000,0.00000,0.00000,0.03001,0.00771,0.00000,0.00000,0.90625,0.04010
calibrated_failure_risk,out_of_distribution_tail,8,5,0.45833,0.13611,0.31588,0.01829,0.40741,0.03109,0.54167,0.13611,0.18185,0.05902,0.00694,0.01361,0.90625,0.04010
calibrated_failure_risk,rare_mechanism_combo,8,5,0.48611,0.13766,0.32767,0.01899,0.43740,0.04302,0.51389,0.13766,0.11743,0.02884,0.00694,0.01361,0.90625,0.04010
calibrated_failure_risk,rare_slip_failures,8,5,0.96528,0.02864,0.11774,0.05009,0.10083,0.07471,0.03472,0.02864,0.09047,0.01966,0.00694,0.01361,0.90625,0.04010
failure_prediction_active_learning,actuator_limit_failures,8,5,1.00000,0.00000,0.00347,0.00681,0.00000,0.00000,0.00000,0.00000,0.07522,0.02453,0.00000,0.00000,0.90625,0.04010
failure_prediction_active_learning,combined_tail_stress,8,5,0.67361,0.04798,0.34549,0.02465,0.60157,0.03664,0.32639,0.04798,0.11692,0.04192,0.20139,0.05798,0.90625,0.04010
failure_prediction_active_learning,compound_sensor_actuator_shift,8,5,0.73611,0.05346,0.24679,0.02359,0.43141,0.07136,0.26389,0.05346,0.16434,0.05003,0.16667,0.04115,0.90625,0.04010
failure_prediction_active_learning,fixture_geometry_shift,8,5,0.02083,0.01993,0.34067,0.00595,0.39899,0.04147,0.97916,0.01993,0.07493,0.02677,0.25694,0.07110,0.90625,0.04010
failure_prediction_active_learning,jammed_fixture_failures,8,5,0.00000,0.00000,0.38290,0.01551,0.42645,0.01786,1.00000,0.00000,0.19083,0.02390,0.93055,0.04934,0.90625,0.04010
failure_prediction_active_learning,nominal_task_balance,8,5,1.00000,0.00000,0.00000,0.00000,0.00000,0.00000,0.00000,0.00000,0.03037,0.00763,0.00000,0.00000,0.90625,0.04010
failure_prediction_active_learning,out_of_distribution_tail,8,5,0.45833,0.13611,0.31531,0.01716,0.41353,0.03405,0.54167,0.13611,0.18391,0.06110,0.00694,0.01361,0.90625,0.04010
failure_prediction_active_learning,rare_mechanism_combo,8,5,0.48611,0.13766,0.32624,0.01814,0.43665,0.04497,0.51389,0.13766,0.12016,0.03065,0.00694,0.01361,0.90625,0.04010
failure_prediction_active_learning,rare_slip_failures,8,5,0.96528,0.02864,0.11705,0.05395,0.10083,0.07471,0.03472,0.02864,0.08812,0.02311,0.00694,0.01361,0.90625,0.04010
failure_stratified_engine,actuator_limit_failures,8,5,0.99306,0.01361,0.05335,0.02007,0.00000,0.00000,0.00694,0.01361,0.08514,0.02384,0.00000,0.00000,0.92188,0.04483
failure_stratified_engine,combined_tail_stress,8,5,0.68750,0.05420,0.33725,0.02540,0.62822,0.02929,0.31250,0.05420,0.22026,0.04524,0.20139,0.05798,0.92188,0.04483
failure_stratified_engine,compound_sensor_actuator_shift,8,5,0.72917,0.05977,0.26469,0.02847,0.51657,0.13071,0.27083,0.05977,0.19387,0.03816,0.18056,0.05729,0.92188,0.04483
failure_stratified_engine,fixture_geometry_shift,8,5,0.02083,0.01993,0.34110,0.00692,0.38294,0.04906,0.97916,0.01993,0.05074,0.02828,0.26389,0.07348,0.92188,0.04483
failure_stratified_engine,jammed_fixture_failures,8,5,0.00000,0.00000,0.38089,0.00916,0.39313,0.02308,1.00000,0.00000,0.16586,0.02110,0.93750,0.05221,0.92188,0.04483
failure_stratified_engine,nominal_task_balance,8,5,1.00000,0.00000,0.00000,0.00000,0.00000,0.00000,0.00000,0.00000,0.02986,0.01036,0.00000,0.00000,0.92188,0.04483
failure_stratified_engine,out_of_distribution_tail,8,5,0.43056,0.12974,0.31631,0.01991,0.48536,0.05309,0.56944,0.12974,0.17944,0.07454,0.00694,0.01361,0.92188,0.04483
failure_stratified_engine,rare_mechanism_combo,8,5,0.46528,0.12841,0.33437,0.02147,0.51802,0.06784,0.53472,0.12841,0.12346,0.02282,0.01389,0.01782,0.92188,0.04483
failure_stratified_engine,rare_slip_failures,8,5,0.96528,0.02864,0.16720,0.04148,0.09369,0.06692,0.03472,0.02864,0.08876,0.01658,0.00694,0.01361,0.92188,0.04483
failure_stratified_engine_v5,actuator_limit_failures,8,5,0.99306,0.01361,0.06048,0.02233,0.00000,0.00000,0.00694,0.01361,0.09010,0.02646,0.00000,0.00000,0.96875,0.04010
failure_stratified_engine_v5,combined_tail_stress,8,5,0.68750,0.05420,0.33711,0.02348,0.60400,0.03743,0.31250,0.05420,0.15147,0.03448,0.20139,0.05798,0.96875,0.04010
failure_stratified_engine_v5,compound_sensor_actuator_shift,8,5,0.72917,0.05977,0.25381,0.02067,0.39088,0.09188,0.27083,0.05977,0.15935,0.04637,0.18056,0.05729,0.96875,0.04010
failure_stratified_engine_v5,fixture_geometry_shift,8,5,0.02083,0.01993,0.34016,0.00835,0.39209,0.04893,0.97916,0.01993,0.04409,0.02008,0.26389,0.07348,0.96875,0.04010
failure_stratified_engine_v5,jammed_fixture_failures,8,5,0.00000,0.00000,0.37684,0.00626,0.39672,0.01859,1.00000,0.00000,0.17425,0.02158,0.93750,0.05221,0.96875,0.04010
failure_stratified_engine_v5,nominal_task_balance,8,5,1.00000,0.00000,0.00000,0.00000,0.00000,0.00000,0.00000,0.00000,0.04025,0.01343,0.00000,0.00000,0.96875,0.04010
failure_stratified_engine_v5,out_of_distribution_tail,8,5,0.43056,0.12974,0.32293,0.02042,0.48406,0.05722,0.56944,0.12974,0.16821,0.06791,0.00694,0.01361,0.96875,0.04010
failure_stratified_engine_v5,rare_mechanism_combo,8,5,0.46528,0.12841,0.33755,0.01806,0.56835,0.06010,0.53472,0.12841,0.11461,0.03688,0.01389,0.01782,0.96875,0.04010
failure_stratified_engine_v5,rare_slip_failures,8,5,0.96528,0.02864,0.17837,0.03128,0.13833,0.10464,0.03472,0.02864,0.08054,0.01646,0.00694,0.01361,0.96875,0.04010
gradient_boosted_failure_active,actuator_limit_failures,8,5,1.00000,0.00000,0.06185,0.02216,0.00000,0.00000,0.00000,0.00000,0.09457,0.03032,0.00000,0.00000,0.90625,0.04010
gradient_boosted_failure_active,combined_tail_stress,8,5,0.67361,0.04798,0.33799,0.02535,0.60319,0.03884,0.32639,0.04798,0.15458,0.04650,0.20139,0.05798,0.90625,0.04010
gradient_boosted_failure_active,compound_sensor_actuator_shift,8,5,0.73611,0.05346,0.26419,0.02089,0.45379,0.11158,0.26389,0.05346,0.16087,0.04751,0.16667,0.04115,0.90625,0.04010
gradient_boosted_failure_active,fixture_geometry_shift,8,5,0.02083,0.01993,0.34109,0.00677,0.41448,0.06738,0.97916,0.01993,0.04453,0.02331,0.25694,0.07110,0.90625,0.04010
gradient_boosted_failure_active,jammed_fixture_failures,8,5,0.00000,0.00000,0.37688,0.01268,0.41210,0.02406,1.00000,0.00000,0.15352,0.01923,0.93055,0.04934,0.90625,0.04010
gradient_boosted_failure_active,nominal_task_balance,8,5,1.00000,0.00000,0.00000,0.00000,0.00000,0.00000,0.00000,0.00000,0.03995,0.00925,0.00000,0.00000,0.90625,0.04010
gradient_boosted_failure_active,out_of_distribution_tail,8,5,0.45833,0.13611,0.32910,0.02157,0.52038,0.02839,0.54167,0.13611,0.17758,0.07746,0.00694,0.01361,0.90625,0.04010
gradient_boosted_failure_active,rare_mechanism_combo,8,5,0.48611,0.13766,0.35567,0.05205,0.54943,0.05824,0.51389,0.13766,0.11133,0.02692,0.00694,0.01361,0.90625,0.04010
gradient_boosted_failure_active,rare_slip_failures,8,5,0.96528,0.02864,0.16635,0.02919,0.08208,0.07469,0.03472,0.02864,0.07980,0.01252,0.00694,0.01361,0.90625,0.04010
greedy_oracle_success_upper,actuator_limit_failures,8,5,1.00000,0.00000,0.03416,0.01436,0.00000,0.00000,0.00000,0.00000,0.08348,0.02808,0.00000,0.00000,0.95312,0.04483
greedy_oracle_success_upper,combined_tail_stress,8,5,0.67361,0.04798,0.33317,0.02492,0.64736,0.04138,0.32639,0.04798,0.17767,0.05024,0.20139,0.05798,0.95312,0.04483
greedy_oracle_success_upper,compound_sensor_actuator_shift,8,5,0.73611,0.05346,0.28800,0.03428,0.65676,0.08296,0.26389,0.05346,0.17122,0.05337,0.16667,0.04115,0.95312,0.04483
greedy_oracle_success_upper,fixture_geometry_shift,8,5,0.02083,0.01993,0.34420,0.00630,0.40629,0.06147,0.97916,0.01993,0.05354,0.02480,0.25694,0.07110,0.95312,0.04483
greedy_oracle_success_upper,jammed_fixture_failures,8,5,0.00000,0.00000,0.37959,0.01479,0.40090,0.03838,1.00000,0.00000,0.16922,0.01863,0.93055,0.04934,0.95312,0.04483
greedy_oracle_success_upper,nominal_task_balance,8,5,1.00000,0.00000,0.00000,0.00000,0.00000,0.00000,0.00000,0.00000,0.04124,0.01088,0.00000,0.00000,0.95312,0.04483
greedy_oracle_success_upper,out_of_distribution_tail,8,5,0.45833,0.13611,0.31402,0.01980,0.50265,0.05694,0.54167,0.13611,0.17488,0.07929,0.00694,0.01361,0.95312,0.04483
greedy_oracle_success_upper,rare_mechanism_combo,8,5,0.48611,0.13766,0.31736,0.01574,0.46799,0.05948,0.51389,0.13766,0.11144,0.01643,0.00694,0.01361,0.95312,0.04483
greedy_oracle_success_upper,rare_slip_failures,8,5,0.96528,0.02864,0.15865,0.03443,0.11744,0.09886,0.03472,0.02864,0.09811,0.01492,0.00694,0.01361,0.95312,0.04483
hybrid_diversity_risk,actuator_limit_failures,8,5,1.00000,0.00000,0.05418,0.02110,0.00000,0.00000,0.00000,0.00000,0.08837,0.03027,0.00000,0.00000,0.92188,0.04483
hybrid_diversity_risk,combined_tail_stress,8,5,0.67361,0.04798,0.33162,0.02321,0.60530,0.04136,0.32639,0.04798,0.13842,0.04367,0.20139,0.05798,0.92188,0.04483
hybrid_diversity_risk,compound_sensor_actuator_shift,8,5,0.73611,0.05346,0.27332,0.01868,0.44901,0.10888,0.26389,0.05346,0.14584,0.04021,0.16667,0.04115,0.92188,0.04483
hybrid_diversity_risk,fixture_geometry_shift,8,5,0.02083,0.01993,0.34142,0.00773,0.39902,0.04830,0.97916,0.01993,0.05189,0.02395,0.25694,0.07110,0.92188,0.04483
hybrid_diversity_risk,jammed_fixture_failures,8,5,0.00000,0.00000,0.37867,0.00940,0.42116,0.02295,1.00000,0.00000,0.18793,0.01936,0.93055,0.04934,0.92188,0.04483
hybrid_diversity_risk,nominal_task_balance,8,5,1.00000,0.00000,0.00000,0.00000,0.00000,0.00000,0.00000,0.00000,0.04359,0.01126,0.00000,0.00000,0.92188,0.04483
hybrid_diversity_risk,out_of_distribution_tail,8,5,0.45833,0.13611,0.33293,0.02221,0.48586,0.03652,0.54167,0.13611,0.15884,0.06925,0.00694,0.01361,0.92188,0.04483
hybrid_diversity_risk,rare_mechanism_combo,8,5,0.48611,0.13766,0.33844,0.02003,0.52595,0.07198,0.51389,0.13766,0.12575,0.02982,0.00694,0.01361,0.92188,0.04483
hybrid_diversity_risk,rare_slip_failures,8,5,0.96528,0.02864,0.16896,0.04611,0.12250,0.08965,0.03472,0.02864,0.08286,0.01871,0.00694,0.01361,0.92188,0.04483
oracle_failure_strata,actuator_limit_failures,8,5,1.00000,0.00000,0.04309,0.02122,0.00000,0.00000,0.00000,0.00000,0.09001,0.02238,0.00000,0.00000,0.98438,0.03062
oracle_failure_strata,combined_tail_stress,8,5,0.67361,0.04798,0.33290,0.02563,0.63702,0.04857,0.32639,0.04798,0.17110,0.05300,0.20139,0.05798,0.98438,0.03062
oracle_failure_strata,compound_sensor_actuator_shift,8,5,0.73611,0.05346,0.28076,0.03015,0.63537,0.09413,0.26389,0.05346,0.18384,0.05520,0.16667,0.04115,0.98438,0.03062
oracle_failure_strata,fixture_geometry_shift,8,5,0.02083,0.01993,0.34361,0.00667,0.39543,0.06462,0.97916,0.01993,0.05763,0.02452,0.25694,0.07110,0.98438,0.03062
oracle_failure_strata,jammed_fixture_failures,8,5,0.00000,0.00000,0.40380,0.02075,0.48519,0.06254,1.00000,0.00000,0.14841,0.02290,0.93055,0.04934,0.98438,0.03062
oracle_failure_strata,nominal_task_balance,8,5,1.00000,0.00000,0.00481,0.00942,0.00000,0.00000,0.00000,0.00000,0.04775,0.01183,0.00000,0.00000,0.98438,0.03062
oracle_failure_strata,out_of_distribution_tail,8,5,0.45833,0.13611,0.30878,0.01847,0.47696,0.05494,0.54167,0.13611,0.18164,0.07742,0.00694,0.01361,0.98438,0.03062
oracle_failure_strata,rare_mechanism_combo,8,5,0.48611,0.13766,0.31718,0.01363,0.48731,0.06496,0.51389,0.13766,0.10511,0.02620,0.00694,0.01361,0.98438,0.03062
oracle_failure_strata,rare_slip_failures,8,5,0.96528,0.02864,0.18980,0.03185,0.14741,0.11613,0.03472,0.02864,0.09668,0.01618,0.00694,0.01361,0.98438,0.03062
random_forest_failure_active,actuator_limit_failures,8,5,1.00000,0.00000,0.05582,0.01837,0.00000,0.00000,0.00000,0.00000,0.08810,0.02702,0.00000,0.00000,0.90625,0.04010
random_forest_failure_active,combined_tail_stress,8,5,0.67361,0.04798,0.34659,0.02531,0.61040,0.04504,0.32639,0.04798,0.15137,0.04240,0.20139,0.05798,0.90625,0.04010
random_forest_failure_active,compound_sensor_actuator_shift,8,5,0.73611,0.05346,0.24033,0.01981,0.40133,0.07280,0.26389,0.05346,0.17042,0.05527,0.16667,0.04115,0.90625,0.04010
random_forest_failure_active,fixture_geometry_shift,8,5,0.02083,0.01993,0.34462,0.00666,0.41368,0.06057,0.97916,0.01993,0.03218,0.01544,0.25694,0.07110,0.90625,0.04010
random_forest_failure_active,jammed_fixture_failures,8,5,0.00000,0.00000,0.38580,0.00804,0.41773,0.03156,1.00000,0.00000,0.09258,0.01529,0.93055,0.04934,0.90625,0.04010
random_forest_failure_active,nominal_task_balance,8,5,1.00000,0.00000,0.00000,0.00000,0.00000,0.00000,0.00000,0.00000,0.04116,0.01521,0.00000,0.00000,0.90625,0.04010
random_forest_failure_active,out_of_distribution_tail,8,5,0.45833,0.13611,0.32209,0.02100,0.52583,0.04402,0.54167,0.13611,0.18524,0.07610,0.00694,0.01361,0.90625,0.04010
random_forest_failure_active,rare_mechanism_combo,8,5,0.48611,0.13766,0.32387,0.01916,0.50560,0.05230,0.51389,0.13766,0.12844,0.03032,0.00694,0.01361,0.90625,0.04010
random_forest_failure_active,rare_slip_failures,8,5,0.96528,0.02864,0.15673,0.02748,0.03387,0.04356,0.03472,0.02864,0.08486,0.01622,0.00694,0.01361,0.90625,0.04010
random_sampling,actuator_limit_failures,8,5,1.00000,0.00000,0.04633,0.01858,0.00000,0.00000,0.00000,0.00000,0.09154,0.02357,0.00000,0.00000,0.90625,0.04010
random_sampling,combined_tail_stress,8,5,0.67361,0.04798,0.34172,0.02774,0.63123,0.04628,0.32639,0.04798,0.15663,0.04056,0.20139,0.05798,0.90625,0.04010
random_sampling,compound_sensor_actuator_shift,8,5,0.73611,0.05346,0.26101,0.01951,0.46873,0.07953,0.26389,0.05346,0.16143,0.04414,0.16667,0.04115,0.90625,0.04010
random_sampling,fixture_geometry_shift,8,5,0.02083,0.01993,0.34534,0.00653,0.39971,0.04682,0.97916,0.01993,0.03894,0.01793,0.25694,0.07110,0.90625,0.04010
random_sampling,jammed_fixture_failures,8,5,0.00000,0.00000,0.38841,0.01410,0.44084,0.02355,1.00000,0.00000,0.14880,0.01873,0.93055,0.04934,0.90625,0.04010
random_sampling,nominal_task_balance,8,5,1.00000,0.00000,0.00000,0.00000,0.00000,0.00000,0.00000,0.00000,0.04145,0.01046,0.00000,0.00000,0.90625,0.04010
random_sampling,out_of_distribution_tail,8,5,0.45833,0.13611,0.32080,0.01859,0.45689,0.05248,0.54167,0.13611,0.17835,0.06667,0.00694,0.01361,0.90625,0.04010
random_sampling,rare_mechanism_combo,8,5,0.48611,0.13766,0.34533,0.03593,0.54135,0.06567,0.51389,0.13766,0.10140,0.01859,0.00694,0.01361,0.90625,0.04010
random_sampling,rare_slip_failures,8,5,0.96528,0.02864,0.17012,0.03022,0.07583,0.07254,0.03472,0.02864,0.07810,0.00989,0.00694,0.01361,0.90625,0.04010
state_diversity_coreset,actuator_limit_failures,8,5,1.00000,0.00000,0.05479,0.02564,0.00000,0.00000,0.00000,0.00000,0.09642,0.02750,0.00000,0.00000,0.98438,0.03062
state_diversity_coreset,combined_tail_stress,8,5,0.67361,0.04798,0.33024,0.02321,0.61798,0.04121,0.32639,0.04798,0.14335,0.04087,0.19445,0.05820,0.98438,0.03062
state_diversity_coreset,compound_sensor_actuator_shift,8,5,0.72917,0.04335,0.26732,0.02724,0.53641,0.08327,0.27083,0.04335,0.14102,0.03479,0.16667,0.04115,0.98438,0.03062
state_diversity_coreset,fixture_geometry_shift,8,5,0.02083,0.01993,0.34230,0.00725,0.43436,0.06123,0.97916,0.01993,0.05346,0.01572,0.25000,0.06825,0.98438,0.03062
state_diversity_coreset,jammed_fixture_failures,8,5,0.00694,0.01361,0.38804,0.01080,0.47521,0.06111,1.00000,0.00000,0.16984,0.01560,0.94444,0.02910,0.98438,0.03062
state_diversity_coreset,nominal_task_balance,8,5,1.00000,0.00000,0.00000,0.00000,0.00000,0.00000,0.00000,0.00000,0.04492,0.01315,0.00000,0.00000,0.98438,0.03062
state_diversity_coreset,out_of_distribution_tail,8,5,0.44444,0.14551,0.32178,0.01660,0.50646,0.04353,0.55556,0.14551,0.17766,0.06394,0.00000,0.00000,0.98438,0.03062
state_diversity_coreset,rare_mechanism_combo,8,5,0.44445,0.12174,0.32243,0.01630,0.48795,0.06460,0.55556,0.12174,0.11447,0.03052,0.00694,0.01361,0.98438,0.03062
state_diversity_coreset,rare_slip_failures,8,5,0.95833,0.03412,0.17449,0.02759,0.11601,0.10898,0.04167,0.03412,0.08580,0.01709,0.01389,0.01782,0.98438,0.03062
tail_risk_active_learning,actuator_limit_failures,8,5,1.00000,0.00000,0.05003,0.02409,0.00000,0.00000,0.00000,0.00000,0.09164,0.02405,0.00000,0.00000,0.90625,0.04010
tail_risk_active_learning,combined_tail_stress,8,5,0.67361,0.04798,0.33492,0.02746,0.59966,0.04416,0.32639,0.04798,0.13919,0.03870,0.20139,0.05798,0.90625,0.04010
tail_risk_active_learning,compound_sensor_actuator_shift,8,5,0.73611,0.05346,0.28117,0.01701,0.46011,0.09665,0.26389,0.05346,0.15713,0.04664,0.16667,0.04115,0.90625,0.04010
tail_risk_active_learning,fixture_geometry_shift,8,5,0.02083,0.01993,0.34000,0.00665,0.40137,0.04623,0.97916,0.01993,0.05364,0.02667,0.25694,0.07110,0.90625,0.04010
tail_risk_active_learning,jammed_fixture_failures,8,5,0.00000,0.00000,0.38220,0.01039,0.45701,0.03086,1.00000,0.00000,0.19223,0.01938,0.93055,0.04934,0.90625,0.04010
tail_risk_active_learning,nominal_task_balance,8,5,1.00000,0.00000,0.00000,0.00000,0.00000,0.00000,0.00000,0.00000,0.03605,0.00924,0.00000,0.00000,0.90625,0.04010
tail_risk_active_learning,out_of_distribution_tail,8,5,0.45833,0.13611,0.32392,0.01687,0.43073,0.04088,0.54167,0.13611,0.17936,0.05293,0.00694,0.01361,0.90625,0.04010
tail_risk_active_learning,rare_mechanism_combo,8,5,0.48611,0.13766,0.35706,0.04133,0.50300,0.06506,0.51389,0.13766,0.11746,0.03258,0.00694,0.01361,0.90625,0.04010
tail_risk_active_learning,rare_slip_failures,8,5,0.96528,0.02864,0.15595,0.04138,0.09500,0.08758,0.03472,0.02864,0.08224,0.01926,0.00694,0.01361,0.90625,0.04010
task_label_stratification,actuator_limit_failures,8,5,0.98611,0.02722,0.06218,0.02327,0.00000,0.00000,0.01389,0.02722,0.08826,0.02945,0.00000,0.00000,0.90625,0.04010
task_label_stratification,combined_tail_stress,8,5,0.68056,0.04934,0.34283,0.02279,0.63044,0.03901,0.31944,0.04934,0.15202,0.04129,0.18750,0.06805,0.90625,0.04010
task_label_stratification,compound_sensor_actuator_shift,8,5,0.74306,0.05014,0.26474,0.01906,0.47439,0.07272,0.25694,0.05014,0.16060,0.04170,0.13889,0.05444,0.90625,0.04010
task_label_stratification,fixture_geometry_shift,8,5,0.01389,0.01782,0.34078,0.00819,0.39458,0.04997,0.98611,0.01782,0.03722,0.01804,0.22917,0.08593,0.90625,0.04010
task_label_stratification,jammed_fixture_failures,8,5,0.00000,0.00000,0.39352,0.01764,0.46003,0.02619,1.00000,0.00000,0.14426,0.01843,0.88889,0.09203,0.90625,0.04010
task_label_stratification,nominal_task_balance,8,5,1.00000,0.00000,0.00000,0.00000,0.00000,0.00000,0.00000,0.00000,0.03805,0.00943,0.00000,0.00000,0.90625,0.04010
task_label_stratification,out_of_distribution_tail,8,5,0.42361,0.13166,0.32137,0.01782,0.47763,0.03789,0.57639,0.13166,0.17214,0.07104,0.00694,0.01361,0.90625,0.04010
task_label_stratification,rare_mechanism_combo,8,5,0.46528,0.12841,0.32448,0.01374,0.48647,0.05545,0.53472,0.12841,0.09213,0.02530,0.00694,0.01361,0.90625,0.04010
task_label_stratification,rare_slip_failures,8,5,0.96528,0.02864,0.17627,0.02897,0.08958,0.08045,0.03472,0.02864,0.08818,0.01759,0.00694,0.01361,0.90625,0.04010
uncertainty_sampling,actuator_limit_failures,8,5,1.00000,0.00000,0.06074,0.02405,0.00000,0.00000,0.00000,0.00000,0.09189,0.02576,0.00000,0.00000,0.90625,0.04010
uncertainty_sampling,combined_tail_stress,8,5,0.67361,0.04798,0.34905,0.02460,0.61803,0.03671,0.32639,0.04798,0.13999,0.04452,0.20139,0.05798,0.90625,0.04010
uncertainty_sampling,compound_sensor_actuator_shift,8,5,0.73611,0.05346,0.25372,0.01796,0.40824,0.08159,0.26389,0.05346,0.17491,0.04694,0.16667,0.04115,0.90625,0.04010
uncertainty_sampling,fixture_geometry_shift,8,5,0.02083,0.01993,0.34366,0.00821,0.44565,0.07084,0.97916,0.01993,0.04151,0.01944,0.25694,0.07110,0.90625,0.04010
uncertainty_sampling,jammed_fixture_failures,8,5,0.00000,0.00000,0.38138,0.01001,0.42908,0.02995,1.00000,0.00000,0.15866,0.01750,0.93055,0.04934,0.90625,0.04010
uncertainty_sampling,nominal_task_balance,8,5,1.00000,0.00000,0.00000,0.00000,0.00000,0.00000,0.00000,0.00000,0.04056,0.00975,0.00000,0.00000,0.90625,0.04010
uncertainty_sampling,out_of_distribution_tail,8,5,0.45833,0.13611,0.31174,0.01518,0.45718,0.05503,0.54167,0.13611,0.18851,0.07727,0.00694,0.01361,0.90625,0.04010
uncertainty_sampling,rare_mechanism_combo,8,5,0.48611,0.13766,0.33870,0.02263,0.52219,0.05173,0.51389,0.13766,0.09342,0.02496,0.00694,0.01361,0.90625,0.04010
uncertainty_sampling,rare_slip_failures,8,5,0.96528,0.02864,0.18812,0.03135,0.11250,0.08011,0.03472,0.02864,0.08254,0.00765,0.00694,0.01361,0.90625,0.04010
