method,stress_level,seeds,mean_robust_success,ci95_robust_success,mean_failure_macro_f1,ci95_failure_macro_f1,mean_rare_failure_recall,ci95_rare_failure_recall,mean_tail_risk,ci95_tail_risk,mean_safety_violation_rate,ci95_safety_violation_rate
calibrated_failure_risk,0.00,8,1.00000,0.00000,0.00000,0.00000,0.00000,0.00000,0.00000,0.00000,0.00000,0.00000
calibrated_failure_risk,0.20,8,0.95000,0.05238,0.00184,0.00360,0.00833,0.01633,0.05000,0.05238,0.02500,0.03208
calibrated_failure_risk,0.40,8,0.56250,0.14316,0.06796,0.03137,0.01417,0.02425,0.43750,0.14316,0.27500,0.14226
calibrated_failure_risk,0.60,8,0.06250,0.05156,0.20080,0.04656,0.08497,0.07207,0.95000,0.03704,0.83750,0.06348
calibrated_failure_risk,0.80,8,0.00000,0.00000,0.45477,0.04017,0.54726,0.10976,1.00000,0.00000,0.77500,0.13226
calibrated_failure_risk,1.00,8,0.01250,0.02450,0.49411,0.01675,0.80666,0.08733,0.98750,0.02450,0.71250,0.09398
failure_prediction_active_learning,0.00,8,1.00000,0.00000,0.00000,0.00000,0.00000,0.00000,0.00000,0.00000,0.00000,0.00000
failure_prediction_active_learning,0.20,8,0.95000,0.05238,0.00521,0.01021,0.00000,0.00000,0.05000,0.05238,0.02500,0.03208
failure_prediction_active_learning,0.40,8,0.56250,0.14316,0.06587,0.02975,0.01250,0.02450,0.43750,0.14316,0.27500,0.14226
failure_prediction_active_learning,0.60,8,0.06250,0.05156,0.19659,0.04396,0.08116,0.06814,0.95000,0.03704,0.83750,0.06348
failure_prediction_active_learning,0.80,8,0.00000,0.00000,0.46021,0.03907,0.55793,0.11093,1.00000,0.00000,0.77500,0.13226
failure_prediction_active_learning,1.00,8,0.01250,0.02450,0.49438,0.01694,0.80666,0.08733,0.98750,0.02450,0.71250,0.09398
failure_stratified_engine,0.00,8,1.00000,0.00000,0.00000,0.00000,0.00000,0.00000,0.00000,0.00000,0.00000,0.00000
failure_stratified_engine,0.20,8,0.95000,0.05238,0.01872,0.01394,0.00000,0.00000,0.05000,0.05238,0.02500,0.03208
failure_stratified_engine,0.40,8,0.55000,0.14346,0.08571,0.02068,0.00167,0.00327,0.45000,0.14346,0.30000,0.14346
failure_stratified_engine,0.60,8,0.07500,0.04900,0.23458,0.05059,0.11673,0.07595,0.93750,0.03586,0.82500,0.06142
failure_stratified_engine,0.80,8,0.00000,0.00000,0.49319,0.02486,0.65451,0.07304,1.00000,0.00000,0.85000,0.09073
failure_stratified_engine,1.00,8,0.01250,0.02450,0.49658,0.01625,0.84077,0.07678,0.98750,0.02450,0.71250,0.09398
failure_stratified_engine_v5,0.00,8,1.00000,0.00000,0.00759,0.00994,0.00000,0.00000,0.00000,0.00000,0.00000,0.00000
failure_stratified_engine_v5,0.20,8,0.95000,0.05238,0.02628,0.01649,0.00000,0.00000,0.05000,0.05238,0.02500,0.03208
failure_stratified_engine_v5,0.40,8,0.55000,0.14346,0.10679,0.01527,0.00528,0.00678,0.45000,0.14346,0.30000,0.14346
failure_stratified_engine_v5,0.60,8,0.07500,0.04900,0.25487,0.04741,0.13387,0.07699,0.93750,0.03586,0.82500,0.06142
failure_stratified_engine_v5,0.80,8,0.00000,0.00000,0.47149,0.02236,0.60639,0.07732,1.00000,0.00000,0.85000,0.09073
failure_stratified_engine_v5,1.00,8,0.01250,0.02450,0.49422,0.01609,0.83148,0.07118,0.98750,0.02450,0.71250,0.09398
hybrid_diversity_risk,0.00,8,1.00000,0.00000,0.00284,0.00557,0.00000,0.00000,0.00000,0.00000,0.00000,0.00000
hybrid_diversity_risk,0.20,8,0.95000,0.05238,0.02516,0.01573,0.00000,0.00000,0.05000,0.05238,0.02500,0.03208
hybrid_diversity_risk,0.40,8,0.56250,0.14316,0.11106,0.01623,0.01403,0.01429,0.43750,0.14316,0.27500,0.14226
hybrid_diversity_risk,0.60,8,0.06250,0.05156,0.24771,0.04651,0.13474,0.07703,0.95000,0.03704,0.83750,0.06348
hybrid_diversity_risk,0.80,8,0.00000,0.00000,0.44807,0.03063,0.54195,0.06872,1.00000,0.00000,0.77500,0.13226
hybrid_diversity_risk,1.00,8,0.01250,0.02450,0.48659,0.02844,0.77054,0.09654,0.98750,0.02450,0.71250,0.09398
oracle_failure_strata,0.00,8,1.00000,0.00000,0.02070,0.02990,0.00000,0.00000,0.00000,0.00000,0.00000,0.00000
oracle_failure_strata,0.20,8,0.95000,0.05238,0.05863,0.02631,0.08333,0.04977,0.05000,0.05238,0.02500,0.03208
oracle_failure_strata,0.40,8,0.56250,0.14316,0.10843,0.01968,0.04199,0.02514,0.43750,0.14316,0.27500,0.14226
oracle_failure_strata,0.60,8,0.06250,0.05156,0.30278,0.03634,0.22070,0.05665,0.95000,0.03704,0.83750,0.06348
oracle_failure_strata,0.80,8,0.00000,0.00000,0.51958,0.01721,0.76235,0.06839,1.00000,0.00000,0.77500,0.13226
oracle_failure_strata,1.00,8,0.01250,0.02450,0.50308,0.01303,0.85985,0.08521,0.98750,0.02450,0.71250,0.09398
uncertainty_sampling,0.00,8,1.00000,0.00000,0.00313,0.00613,0.00000,0.00000,0.00000,0.00000,0.00000,0.00000
uncertainty_sampling,0.20,8,0.95000,0.05238,0.04827,0.02024,0.00000,0.00000,0.05000,0.05238,0.02500,0.03208
uncertainty_sampling,0.40,8,0.56250,0.14316,0.10771,0.01129,0.00942,0.01464,0.43750,0.14316,0.27500,0.14226
uncertainty_sampling,0.60,8,0.06250,0.05156,0.24329,0.04673,0.13352,0.08603,0.95000,0.03704,0.83750,0.06348
uncertainty_sampling,0.80,8,0.00000,0.00000,0.47469,0.02385,0.60584,0.08226,1.00000,0.00000,0.77500,0.13226
uncertainty_sampling,1.00,8,0.01250,0.02450,0.50003,0.01534,0.83752,0.09012,0.98750,0.02450,0.71250,0.09398
