method,seed,stress_level,robust_success,failure_macro_f1,rare_failure_recall,tail_risk,calibration_error,safety_violation_rate
uncertainty_sampling,0,0.00,1.00000,0.00000,0.00000,0.00000,0.00440,0.00000
failure_prediction_active_learning,0,0.00,1.00000,0.00000,0.00000,0.00000,0.01324,0.00000
calibrated_failure_risk,0,0.00,1.00000,0.00000,0.00000,0.00000,0.01326,0.00000
hybrid_diversity_risk,0,0.00,1.00000,0.00000,0.00000,0.00000,0.00418,0.00000
failure_stratified_engine,0,0.00,1.00000,0.00000,0.00000,0.00000,0.01370,0.00000
failure_stratified_engine_v5,0,0.00,1.00000,0.00000,0.00000,0.00000,0.00578,0.00000
oracle_failure_strata,0,0.00,1.00000,0.12500,0.00000,0.00000,0.01176,0.00000
uncertainty_sampling,1,0.00,1.00000,0.02500,0.00000,0.00000,0.02306,0.00000
failure_prediction_active_learning,1,0.00,1.00000,0.00000,0.00000,0.00000,0.02641,0.00000
calibrated_failure_risk,1,0.00,1.00000,0.00000,0.00000,0.00000,0.02636,0.00000
hybrid_diversity_risk,1,0.00,1.00000,0.02273,0.00000,0.00000,0.02084,0.00000
failure_stratified_engine,1,0.00,1.00000,0.00000,0.00000,0.00000,0.02989,0.00000
failure_stratified_engine_v5,1,0.00,1.00000,0.02500,0.00000,0.00000,0.02440,0.00000
oracle_failure_strata,1,0.00,1.00000,0.02273,0.00000,0.00000,0.02966,0.00000
uncertainty_sampling,2,0.00,1.00000,0.00000,0.00000,0.00000,0.01465,0.00000
failure_prediction_active_learning,2,0.00,1.00000,0.00000,0.00000,0.00000,0.00739,0.00000
calibrated_failure_risk,2,0.00,1.00000,0.00000,0.00000,0.00000,0.00812,0.00000
hybrid_diversity_risk,2,0.00,1.00000,0.00000,0.00000,0.00000,0.01635,0.00000
failure_stratified_engine,2,0.00,1.00000,0.00000,0.00000,0.00000,0.00833,0.00000
failure_stratified_engine_v5,2,0.00,1.00000,0.00000,0.00000,0.00000,0.01304,0.00000
oracle_failure_strata,2,0.00,1.00000,0.00000,0.00000,0.00000,0.00824,0.00000
uncertainty_sampling,3,0.00,1.00000,0.00000,0.00000,0.00000,0.06843,0.00000
failure_prediction_active_learning,3,0.00,1.00000,0.00000,0.00000,0.00000,0.01483,0.00000
calibrated_failure_risk,3,0.00,1.00000,0.00000,0.00000,0.00000,0.01477,0.00000
hybrid_diversity_risk,3,0.00,1.00000,0.00000,0.00000,0.00000,0.05279,0.00000
failure_stratified_engine,3,0.00,1.00000,0.00000,0.00000,0.00000,0.03334,0.00000
failure_stratified_engine_v5,3,0.00,1.00000,0.00000,0.00000,0.00000,0.04374,0.00000
oracle_failure_strata,3,0.00,1.00000,0.00000,0.00000,0.00000,0.03414,0.00000
uncertainty_sampling,4,0.00,1.00000,0.00000,0.00000,0.00000,0.05239,0.00000
failure_prediction_active_learning,4,0.00,1.00000,0.00000,0.00000,0.00000,0.05062,0.00000
calibrated_failure_risk,4,0.00,1.00000,0.00000,0.00000,0.00000,0.05085,0.00000
hybrid_diversity_risk,4,0.00,1.00000,0.00000,0.00000,0.00000,0.08242,0.00000
failure_stratified_engine,4,0.00,1.00000,0.00000,0.00000,0.00000,0.02382,0.00000
failure_stratified_engine_v5,4,0.00,1.00000,0.00000,0.00000,0.00000,0.05836,0.00000
oracle_failure_strata,4,0.00,1.00000,0.00000,0.00000,0.00000,0.03901,0.00000
uncertainty_sampling,5,0.00,1.00000,0.00000,0.00000,0.00000,0.01835,0.00000
failure_prediction_active_learning,5,0.00,1.00000,0.00000,0.00000,0.00000,0.00412,0.00000
calibrated_failure_risk,5,0.00,1.00000,0.00000,0.00000,0.00000,0.00395,0.00000
hybrid_diversity_risk,5,0.00,1.00000,0.00000,0.00000,0.00000,0.02132,0.00000
failure_stratified_engine,5,0.00,1.00000,0.00000,0.00000,0.00000,0.00835,0.00000
failure_stratified_engine_v5,5,0.00,1.00000,0.00000,0.00000,0.00000,0.01699,0.00000
oracle_failure_strata,5,0.00,1.00000,0.00000,0.00000,0.00000,0.00841,0.00000
uncertainty_sampling,6,0.00,1.00000,0.00000,0.00000,0.00000,0.04008,0.00000
failure_prediction_active_learning,6,0.00,1.00000,0.00000,0.00000,0.00000,0.04585,0.00000
calibrated_failure_risk,6,0.00,1.00000,0.00000,0.00000,0.00000,0.04512,0.00000
hybrid_diversity_risk,6,0.00,1.00000,0.00000,0.00000,0.00000,0.03788,0.00000
failure_stratified_engine,6,0.00,1.00000,0.00000,0.00000,0.00000,0.04387,0.00000
failure_stratified_engine_v5,6,0.00,1.00000,0.00000,0.00000,0.00000,0.03661,0.00000
oracle_failure_strata,6,0.00,1.00000,0.00000,0.00000,0.00000,0.04247,0.00000
uncertainty_sampling,7,0.00,1.00000,0.00000,0.00000,0.00000,0.00205,0.00000
failure_prediction_active_learning,7,0.00,1.00000,0.00000,0.00000,0.00000,0.00572,0.00000
calibrated_failure_risk,7,0.00,1.00000,0.00000,0.00000,0.00000,0.00302,0.00000
hybrid_diversity_risk,7,0.00,1.00000,0.00000,0.00000,0.00000,0.01691,0.00000
failure_stratified_engine,7,0.00,1.00000,0.00000,0.00000,0.00000,0.00286,0.00000
failure_stratified_engine_v5,7,0.00,1.00000,0.03571,0.00000,0.00000,0.01686,0.00000
oracle_failure_strata,7,0.00,1.00000,0.01786,0.00000,0.00000,0.00025,0.00000
uncertainty_sampling,0,0.20,0.90000,0.03125,0.00000,0.10000,0.14253,0.10000
failure_prediction_active_learning,0,0.20,0.90000,0.00000,0.00000,0.10000,0.16377,0.10000
calibrated_failure_risk,0,0.20,0.90000,0.01471,0.06667,0.10000,0.16384,0.10000
hybrid_diversity_risk,0,0.20,0.90000,0.06250,0.00000,0.10000,0.14369,0.10000
failure_stratified_engine,0,0.20,0.90000,0.00000,0.00000,0.10000,0.15526,0.10000
failure_stratified_engine_v5,0,0.20,0.90000,0.06250,0.00000,0.10000,0.13117,0.10000
oracle_failure_strata,0,0.20,0.90000,0.07692,0.13333,0.10000,0.15890,0.10000
uncertainty_sampling,1,0.20,0.90000,0.05357,0.00000,0.10000,0.04643,0.00000
failure_prediction_active_learning,1,0.20,0.90000,0.04167,0.00000,0.10000,0.01850,0.00000
calibrated_failure_risk,1,0.20,0.90000,0.00000,0.00000,0.10000,0.01829,0.00000
hybrid_diversity_risk,1,0.20,0.90000,0.05000,0.00000,0.10000,0.03631,0.00000
failure_stratified_engine,1,0.20,0.90000,0.05357,0.00000,0.10000,0.02914,0.00000
failure_stratified_engine_v5,1,0.20,0.90000,0.05357,0.00000,0.10000,0.03281,0.00000
oracle_failure_strata,1,0.20,0.90000,0.07465,0.05000,0.10000,0.03839,0.00000
uncertainty_sampling,2,0.20,0.80000,0.01786,0.00000,0.20000,0.14051,0.10000
failure_prediction_active_learning,2,0.20,0.80000,0.00000,0.00000,0.20000,0.15550,0.10000
calibrated_failure_risk,2,0.20,0.80000,0.00000,0.00000,0.20000,0.15390,0.10000
hybrid_diversity_risk,2,0.20,0.80000,0.01786,0.00000,0.20000,0.13394,0.10000
failure_stratified_engine,2,0.20,0.80000,0.01786,0.00000,0.20000,0.14983,0.10000
failure_stratified_engine_v5,2,0.20,0.80000,0.01786,0.00000,0.20000,0.15660,0.10000
oracle_failure_strata,2,0.20,0.80000,0.05882,0.06667,0.20000,0.17301,0.10000
uncertainty_sampling,3,0.20,1.00000,0.09167,0.00000,0.00000,0.10869,0.00000
failure_prediction_active_learning,3,0.20,1.00000,0.00000,0.00000,0.00000,0.08544,0.00000
calibrated_failure_risk,3,0.20,1.00000,0.00000,0.00000,0.00000,0.08524,0.00000
hybrid_diversity_risk,3,0.20,1.00000,0.03571,0.00000,0.00000,0.05933,0.00000
failure_stratified_engine,3,0.20,1.00000,0.04167,0.00000,0.00000,0.09131,0.00000
failure_stratified_engine_v5,3,0.20,1.00000,0.04167,0.00000,0.00000,0.07102,0.00000
oracle_failure_strata,3,0.20,1.00000,0.05769,0.06667,0.00000,0.07088,0.00000
uncertainty_sampling,4,0.20,1.00000,0.01471,0.00000,0.00000,0.08744,0.00000
failure_prediction_active_learning,4,0.20,1.00000,0.00000,0.00000,0.00000,0.08351,0.00000
calibrated_failure_risk,4,0.20,1.00000,0.00000,0.00000,0.00000,0.08537,0.00000
hybrid_diversity_risk,4,0.20,1.00000,0.01250,0.00000,0.00000,0.12026,0.00000
failure_stratified_engine,4,0.20,1.00000,0.01389,0.00000,0.00000,0.07107,0.00000
failure_stratified_engine_v5,4,0.20,1.00000,0.01190,0.00000,0.00000,0.08912,0.00000
oracle_failure_strata,4,0.20,1.00000,0.03009,0.20000,0.00000,0.07960,0.00000
uncertainty_sampling,5,0.20,1.00000,0.06250,0.00000,0.00000,0.08589,0.00000
failure_prediction_active_learning,5,0.20,1.00000,0.00000,0.00000,0.00000,0.02526,0.00000
calibrated_failure_risk,5,0.20,1.00000,0.00000,0.00000,0.00000,0.02489,0.00000
hybrid_diversity_risk,5,0.20,1.00000,0.00000,0.00000,0.00000,0.07107,0.00000
failure_stratified_engine,5,0.20,1.00000,0.00000,0.00000,0.00000,0.03667,0.00000
failure_stratified_engine_v5,5,0.20,1.00000,0.00000,0.00000,0.00000,0.08072,0.00000
oracle_failure_strata,5,0.20,1.00000,0.02500,0.00000,0.00000,0.04039,0.00000
uncertainty_sampling,6,0.20,1.00000,0.08333,0.00000,0.00000,0.04458,0.00000
failure_prediction_active_learning,6,0.20,1.00000,0.00000,0.00000,0.00000,0.04885,0.00000
calibrated_failure_risk,6,0.20,1.00000,0.00000,0.00000,0.00000,0.04618,0.00000
hybrid_diversity_risk,6,0.20,1.00000,0.00000,0.00000,0.00000,0.08361,0.00000
failure_stratified_engine,6,0.20,1.00000,0.00000,0.00000,0.00000,0.03401,0.00000
failure_stratified_engine_v5,6,0.20,1.00000,0.00000,0.00000,0.00000,0.04483,0.00000
oracle_failure_strata,6,0.20,1.00000,0.13269,0.15000,0.00000,0.05608,0.00000
uncertainty_sampling,7,0.20,1.00000,0.03125,0.00000,0.00000,0.06323,0.00000
failure_prediction_active_learning,7,0.20,1.00000,0.00000,0.00000,0.00000,0.04075,0.00000
calibrated_failure_risk,7,0.20,1.00000,0.00000,0.00000,0.00000,0.03739,0.00000
hybrid_diversity_risk,7,0.20,1.00000,0.02273,0.00000,0.00000,0.04968,0.00000
failure_stratified_engine,7,0.20,1.00000,0.02273,0.00000,0.00000,0.03740,0.00000
failure_stratified_engine_v5,7,0.20,1.00000,0.02273,0.00000,0.00000,0.07688,0.00000
oracle_failure_strata,7,0.20,1.00000,0.01316,0.00000,0.00000,0.05786,0.00000
uncertainty_sampling,0,0.40,0.70000,0.08614,0.06000,0.30000,0.17151,0.20000
failure_prediction_active_learning,0,0.40,0.70000,0.07882,0.10000,0.30000,0.21115,0.20000
calibrated_failure_risk,0,0.40,0.70000,0.08333,0.10000,0.30000,0.21159,0.20000
hybrid_diversity_risk,0,0.40,0.70000,0.07473,0.06000,0.30000,0.20017,0.20000
failure_stratified_engine,0,0.40,0.70000,0.03571,0.00000,0.30000,0.20534,0.20000
failure_stratified_engine_v5,0,0.40,0.70000,0.06325,0.02000,0.30000,0.19390,0.20000
oracle_failure_strata,0,0.40,0.70000,0.08194,0.12000,0.30000,0.20535,0.20000
uncertainty_sampling,1,0.40,0.40000,0.11508,0.01538,0.60000,0.36014,0.30000
failure_prediction_active_learning,1,0.40,0.40000,0.07083,0.00000,0.60000,0.36593,0.30000
calibrated_failure_risk,1,0.40,0.40000,0.07083,0.00000,0.60000,0.36613,0.30000
hybrid_diversity_risk,1,0.40,0.40000,0.10536,0.00000,0.60000,0.36128,0.30000
failure_stratified_engine,1,0.40,0.40000,0.09609,0.00000,0.60000,0.37082,0.30000
failure_stratified_engine_v5,1,0.40,0.40000,0.10536,0.00000,0.60000,0.36574,0.30000
oracle_failure_strata,1,0.40,0.40000,0.09489,0.01538,0.60000,0.36381,0.30000
uncertainty_sampling,2,0.40,0.50000,0.11782,0.00000,0.50000,0.33687,0.40000
failure_prediction_active_learning,2,0.40,0.50000,0.10206,0.00000,0.50000,0.36002,0.40000
calibrated_failure_risk,2,0.40,0.50000,0.12102,0.01333,0.50000,0.35871,0.40000
hybrid_diversity_risk,2,0.40,0.50000,0.14083,0.01333,0.50000,0.32892,0.40000
failure_stratified_engine,2,0.40,0.50000,0.12699,0.01333,0.50000,0.33299,0.40000
failure_stratified_engine_v5,2,0.40,0.50000,0.11633,0.00000,0.50000,0.36951,0.40000
oracle_failure_strata,2,0.40,0.50000,0.15573,0.06667,0.50000,0.30193,0.40000
uncertainty_sampling,3,0.40,0.20000,0.12424,0.00000,0.80000,0.36866,0.70000
failure_prediction_active_learning,3,0.40,0.20000,0.10254,0.00000,0.80000,0.50703,0.70000
calibrated_failure_risk,3,0.40,0.20000,0.08663,0.00000,0.80000,0.50757,0.70000
hybrid_diversity_risk,3,0.40,0.20000,0.12171,0.01667,0.80000,0.45375,0.70000
failure_stratified_engine,3,0.40,0.20000,0.10431,0.00000,0.80000,0.44955,0.70000
failure_stratified_engine_v5,3,0.40,0.20000,0.11190,0.00000,0.80000,0.46384,0.70000
oracle_failure_strata,3,0.40,0.20000,0.12126,0.01667,0.80000,0.42240,0.70000
uncertainty_sampling,4,0.40,0.80000,0.11250,0.00000,0.20000,0.18430,0.20000
failure_prediction_active_learning,4,0.40,0.80000,0.10272,0.00000,0.20000,0.11873,0.20000
calibrated_failure_risk,4,0.40,0.80000,0.10893,0.00000,0.20000,0.11760,0.20000
hybrid_diversity_risk,4,0.40,0.80000,0.12863,0.02222,0.20000,0.11385,0.20000
failure_stratified_engine,4,0.40,0.80000,0.09519,0.00000,0.20000,0.13614,0.20000
failure_stratified_engine_v5,4,0.40,0.80000,0.13269,0.02222,0.20000,0.13140,0.20000
oracle_failure_strata,4,0.40,0.80000,0.10172,0.03333,0.20000,0.17984,0.20000
uncertainty_sampling,5,0.40,0.60000,0.11949,0.00000,0.40000,0.31205,0.20000
failure_prediction_active_learning,5,0.40,0.60000,0.00000,0.00000,0.40000,0.38721,0.20000
calibrated_failure_risk,5,0.40,0.60000,0.00000,0.00000,0.40000,0.38851,0.20000
hybrid_diversity_risk,5,0.40,0.60000,0.11367,0.00000,0.40000,0.36085,0.20000
failure_stratified_engine,5,0.40,0.50000,0.07895,0.00000,0.50000,0.34337,0.40000
failure_stratified_engine_v5,5,0.40,0.50000,0.11466,0.00000,0.50000,0.32752,0.40000
oracle_failure_strata,5,0.40,0.60000,0.11889,0.02105,0.40000,0.35849,0.20000
uncertainty_sampling,6,0.40,0.80000,0.07941,0.00000,0.20000,0.07946,0.00000
failure_prediction_active_learning,6,0.40,0.80000,0.00000,0.00000,0.20000,0.12928,0.00000
calibrated_failure_risk,6,0.40,0.80000,0.00000,0.00000,0.20000,0.13881,0.00000
hybrid_diversity_risk,6,0.40,0.80000,0.07941,0.00000,0.20000,0.12832,0.00000
failure_stratified_engine,6,0.40,0.80000,0.05000,0.00000,0.20000,0.07521,0.00000
failure_stratified_engine_v5,6,0.40,0.80000,0.08710,0.00000,0.20000,0.08589,0.00000
oracle_failure_strata,6,0.40,0.80000,0.06553,0.01667,0.20000,0.09593,0.00000
uncertainty_sampling,7,0.40,0.50000,0.10700,0.00000,0.50000,0.32454,0.20000
failure_prediction_active_learning,7,0.40,0.50000,0.07000,0.00000,0.50000,0.32210,0.20000
calibrated_failure_risk,7,0.40,0.50000,0.07292,0.00000,0.50000,0.30726,0.20000
hybrid_diversity_risk,7,0.40,0.50000,0.12418,0.00000,0.50000,0.29201,0.20000
failure_stratified_engine,7,0.40,0.50000,0.09848,0.00000,0.50000,0.29874,0.20000
failure_stratified_engine_v5,7,0.40,0.50000,0.12305,0.00000,0.50000,0.26204,0.20000
oracle_failure_strata,7,0.40,0.50000,0.12751,0.04615,0.50000,0.28270,0.20000
uncertainty_sampling,0,0.60,0.10000,0.28110,0.15627,0.90000,0.30534,0.90000
failure_prediction_active_learning,0,0.60,0.10000,0.22497,0.06657,0.90000,0.34720,0.90000
calibrated_failure_risk,0,0.60,0.10000,0.24341,0.08809,0.90000,0.34769,0.90000
hybrid_diversity_risk,0,0.60,0.10000,0.26817,0.12679,0.90000,0.38066,0.90000
failure_stratified_engine,0,0.60,0.10000,0.22954,0.08715,0.90000,0.28960,0.90000
failure_stratified_engine_v5,0,0.60,0.10000,0.25172,0.09684,0.90000,0.38601,0.90000
oracle_failure_strata,0,0.60,0.10000,0.26898,0.17753,0.90000,0.27487,0.90000
uncertainty_sampling,1,0.60,0.20000,0.36209,0.41004,0.90000,0.21181,0.80000
failure_prediction_active_learning,1,0.60,0.20000,0.28468,0.31231,0.90000,0.23503,0.80000
calibrated_failure_risk,1,0.60,0.20000,0.30297,0.33068,0.90000,0.23571,0.80000
hybrid_diversity_risk,1,0.60,0.20000,0.33996,0.37936,0.90000,0.29288,0.80000
failure_stratified_engine,1,0.60,0.20000,0.33594,0.36004,0.90000,0.20117,0.80000
failure_stratified_engine_v5,1,0.60,0.20000,0.36437,0.38542,0.90000,0.24224,0.80000
oracle_failure_strata,1,0.60,0.20000,0.35782,0.38523,0.90000,0.18196,0.80000
uncertainty_sampling,2,0.60,0.00000,0.22018,0.05285,1.00000,0.42010,1.00000
failure_prediction_active_learning,2,0.60,0.00000,0.21362,0.04797,1.00000,0.41316,1.00000
calibrated_failure_risk,2,0.60,0.00000,0.21580,0.05285,1.00000,0.41864,1.00000
hybrid_diversity_risk,2,0.60,0.00000,0.29493,0.13577,1.00000,0.41693,1.00000
failure_stratified_engine,2,0.60,0.00000,0.32168,0.16504,1.00000,0.36466,1.00000
failure_stratified_engine_v5,2,0.60,0.00000,0.32780,0.17967,1.00000,0.46365,1.00000
oracle_failure_strata,2,0.60,0.00000,0.34554,0.26098,1.00000,0.32240,1.00000
uncertainty_sampling,3,0.60,0.10000,0.14511,0.01667,0.90000,0.31480,0.80000
failure_prediction_active_learning,3,0.60,0.10000,0.11812,0.00556,0.90000,0.41746,0.80000
calibrated_failure_risk,3,0.60,0.10000,0.11812,0.00556,0.90000,0.41808,0.80000
hybrid_diversity_risk,3,0.60,0.10000,0.14162,0.01683,0.90000,0.40226,0.80000
failure_stratified_engine,3,0.60,0.10000,0.17457,0.03952,0.90000,0.36782,0.80000
failure_stratified_engine_v5,3,0.60,0.10000,0.17082,0.04476,0.90000,0.40504,0.80000
oracle_failure_strata,3,0.60,0.10000,0.29873,0.19651,0.90000,0.30282,0.80000
uncertainty_sampling,4,0.60,0.10000,0.17639,0.04106,0.90000,0.34704,0.70000
failure_prediction_active_learning,4,0.60,0.10000,0.13021,0.01463,0.90000,0.40650,0.70000
calibrated_failure_risk,4,0.60,0.10000,0.13295,0.01463,0.90000,0.40527,0.70000
hybrid_diversity_risk,4,0.60,0.10000,0.20895,0.07805,0.90000,0.41643,0.70000
failure_stratified_engine,4,0.60,0.10000,0.16706,0.03415,0.90000,0.34212,0.70000
failure_stratified_engine_v5,4,0.60,0.10000,0.21686,0.08293,0.90000,0.37291,0.70000
oracle_failure_strata,4,0.60,0.10000,0.23708,0.12317,0.90000,0.32265,0.70000
uncertainty_sampling,5,0.60,0.00000,0.22480,0.12000,1.00000,0.49936,0.90000
failure_prediction_active_learning,5,0.60,0.00000,0.12418,0.03077,1.00000,0.55562,0.90000
calibrated_failure_risk,5,0.60,0.00000,0.12633,0.03077,1.00000,0.55590,0.90000
hybrid_diversity_risk,5,0.60,0.00000,0.18470,0.06667,1.00000,0.55814,0.90000
failure_stratified_engine,5,0.60,0.10000,0.13678,0.04205,0.90000,0.51343,0.80000
failure_stratified_engine_v5,5,0.60,0.10000,0.17535,0.05949,0.90000,0.51827,0.80000
oracle_failure_strata,5,0.60,0.00000,0.23779,0.14667,1.00000,0.48547,0.90000
uncertainty_sampling,6,0.60,0.00000,0.27308,0.10396,1.00000,0.32747,0.80000
failure_prediction_active_learning,6,0.60,0.00000,0.23706,0.07525,1.00000,0.34722,0.80000
calibrated_failure_risk,6,0.60,0.00000,0.23586,0.07525,1.00000,0.36217,0.80000
hybrid_diversity_risk,6,0.60,0.00000,0.30707,0.18636,1.00000,0.42274,0.80000
failure_stratified_engine,6,0.60,0.00000,0.23539,0.06465,1.00000,0.28870,0.80000
failure_stratified_engine_v5,6,0.60,0.00000,0.25264,0.07525,1.00000,0.33102,0.80000
oracle_failure_strata,6,0.60,0.00000,0.37122,0.24346,1.00000,0.28981,0.80000
uncertainty_sampling,7,0.60,0.00000,0.26355,0.16734,1.00000,0.36705,0.80000
failure_prediction_active_learning,7,0.60,0.00000,0.23986,0.09618,1.00000,0.36932,0.80000
calibrated_failure_risk,7,0.60,0.00000,0.23093,0.08190,1.00000,0.35938,0.80000
hybrid_diversity_risk,7,0.60,0.00000,0.23630,0.08812,1.00000,0.41386,0.80000
failure_stratified_engine,7,0.60,0.00000,0.27572,0.14124,1.00000,0.33955,0.80000
failure_stratified_engine_v5,7,0.60,0.00000,0.27941,0.14664,1.00000,0.36590,0.80000
oracle_failure_strata,7,0.60,0.00000,0.30506,0.23208,1.00000,0.32462,0.80000
uncertainty_sampling,0,0.80,0.00000,0.46549,0.60722,1.00000,0.10152,1.00000
failure_prediction_active_learning,0,0.80,0.00000,0.48652,0.58722,1.00000,0.10104,1.00000
calibrated_failure_risk,0,0.80,0.00000,0.47921,0.54889,1.00000,0.10129,1.00000
hybrid_diversity_risk,0,0.80,0.00000,0.45941,0.56889,1.00000,0.15728,1.00000
failure_stratified_engine,0,0.80,0.00000,0.50732,0.73833,1.00000,0.06383,1.00000
failure_stratified_engine_v5,0,0.80,0.00000,0.45250,0.53556,1.00000,0.13590,1.00000
oracle_failure_strata,0,0.80,0.00000,0.50153,0.71778,1.00000,0.06311,1.00000
uncertainty_sampling,1,0.80,0.00000,0.51977,0.77478,1.00000,0.07796,0.90000
failure_prediction_active_learning,1,0.80,0.00000,0.52532,0.77259,1.00000,0.08616,0.90000
calibrated_failure_risk,1,0.80,0.00000,0.51839,0.75482,1.00000,0.08646,0.90000
hybrid_diversity_risk,1,0.80,0.00000,0.45963,0.64452,1.00000,0.12823,0.90000
failure_stratified_engine,1,0.80,0.00000,0.51644,0.76754,1.00000,0.05491,0.90000
failure_stratified_engine_v5,1,0.80,0.00000,0.49029,0.70811,1.00000,0.09183,0.90000
oracle_failure_strata,1,0.80,0.00000,0.55474,0.94671,1.00000,0.04872,0.90000
uncertainty_sampling,2,0.80,0.00000,0.47065,0.52589,1.00000,0.11175,0.90000
failure_prediction_active_learning,2,0.80,0.00000,0.46349,0.41909,1.00000,0.09481,0.90000
calibrated_failure_risk,2,0.80,0.00000,0.45837,0.41897,1.00000,0.10087,0.90000
hybrid_diversity_risk,2,0.80,0.00000,0.48993,0.55289,1.00000,0.12161,0.90000
failure_stratified_engine,2,0.80,0.00000,0.48463,0.59179,1.00000,0.07858,0.90000
failure_stratified_engine_v5,2,0.80,0.00000,0.47875,0.57704,1.00000,0.13695,0.90000
oracle_failure_strata,2,0.80,0.00000,0.52207,0.73334,1.00000,0.05819,0.90000
uncertainty_sampling,3,0.80,0.00000,0.43251,0.62343,1.00000,0.09104,0.70000
failure_prediction_active_learning,3,0.80,0.00000,0.43774,0.61946,1.00000,0.10313,0.70000
calibrated_failure_risk,3,0.80,0.00000,0.44287,0.62552,1.00000,0.10324,0.70000
hybrid_diversity_risk,3,0.80,0.00000,0.41507,0.56728,1.00000,0.19219,0.70000
failure_stratified_engine,3,0.80,0.00000,0.43843,0.63517,1.00000,0.08596,0.70000
failure_stratified_engine_v5,3,0.80,0.00000,0.44241,0.64729,1.00000,0.14746,0.70000
oracle_failure_strata,3,0.80,0.00000,0.49636,0.87538,1.00000,0.05025,0.70000
uncertainty_sampling,4,0.80,0.00000,0.46125,0.50144,1.00000,0.09012,0.70000
failure_prediction_active_learning,4,0.80,0.00000,0.33611,0.27051,1.00000,0.15559,0.70000
calibrated_failure_risk,4,0.80,0.00000,0.32369,0.26138,1.00000,0.15446,0.70000
hybrid_diversity_risk,4,0.80,0.00000,0.36636,0.40000,1.00000,0.16848,0.70000
failure_stratified_engine,4,0.80,0.00000,0.51077,0.62821,1.00000,0.07835,0.70000
failure_stratified_engine_v5,4,0.80,0.00000,0.46711,0.52051,1.00000,0.12777,0.70000
oracle_failure_strata,4,0.80,0.00000,0.52945,0.73333,1.00000,0.08224,0.70000
uncertainty_sampling,5,0.80,0.00000,0.53162,0.75948,1.00000,0.18252,0.40000
failure_prediction_active_learning,5,0.80,0.00000,0.47727,0.64810,1.00000,0.19656,0.40000
calibrated_failure_risk,5,0.80,0.00000,0.46733,0.63917,1.00000,0.19369,0.40000
hybrid_diversity_risk,5,0.80,0.00000,0.50771,0.62725,1.00000,0.28290,0.40000
failure_stratified_engine,5,0.80,0.00000,0.55288,0.77428,1.00000,0.17519,1.00000
failure_stratified_engine_v5,5,0.80,0.00000,0.53967,0.79721,1.00000,0.20578,1.00000
oracle_failure_strata,5,0.80,0.00000,0.54747,0.74483,1.00000,0.15812,0.40000
uncertainty_sampling,6,0.80,0.00000,0.47240,0.43628,1.00000,0.08108,0.70000
failure_prediction_active_learning,6,0.80,0.00000,0.46161,0.47788,1.00000,0.09812,0.70000
calibrated_failure_risk,6,0.80,0.00000,0.45638,0.46677,1.00000,0.10872,0.70000
hybrid_diversity_risk,6,0.80,0.00000,0.43109,0.37907,1.00000,0.14730,0.70000
failure_stratified_engine,6,0.80,0.00000,0.46927,0.45835,1.00000,0.06654,0.70000
failure_stratified_engine_v5,6,0.80,0.00000,0.45884,0.44724,1.00000,0.09017,0.70000
oracle_failure_strata,6,0.80,0.00000,0.52191,0.64438,1.00000,0.06157,0.70000
uncertainty_sampling,7,0.80,0.00000,0.44386,0.61818,1.00000,0.15844,0.90000
failure_prediction_active_learning,7,0.80,0.00000,0.49360,0.66858,1.00000,0.13755,0.90000
calibrated_failure_risk,7,0.80,0.00000,0.49191,0.66252,1.00000,0.14809,0.90000
hybrid_diversity_risk,7,0.80,0.00000,0.45538,0.59567,1.00000,0.24325,0.90000
failure_stratified_engine,7,0.80,0.00000,0.46577,0.64242,1.00000,0.14070,0.90000
failure_stratified_engine_v5,7,0.80,0.00000,0.44235,0.61818,1.00000,0.21037,0.90000
oracle_failure_strata,7,0.80,0.00000,0.48311,0.70303,1.00000,0.11571,0.90000
uncertainty_sampling,0,1.00,0.00000,0.49317,0.88333,1.00000,0.01738,0.60000
failure_prediction_active_learning,0,1.00,0.00000,0.47969,0.78333,1.00000,0.01307,0.60000
calibrated_failure_risk,0,1.00,0.00000,0.48010,0.78333,1.00000,0.01301,0.60000
hybrid_diversity_risk,0,1.00,0.00000,0.48497,0.83333,1.00000,0.03942,0.60000
failure_stratified_engine,0,1.00,0.00000,0.48927,0.91667,1.00000,0.00758,0.60000
failure_stratified_engine_v5,0,1.00,0.00000,0.49293,0.91667,1.00000,0.02805,0.60000
oracle_failure_strata,0,1.00,0.00000,0.49033,0.90000,1.00000,0.00808,0.60000
uncertainty_sampling,1,1.00,0.00000,0.51743,0.85333,1.00000,0.00580,0.60000
failure_prediction_active_learning,1,1.00,0.00000,0.51403,0.96000,1.00000,0.00422,0.60000
calibrated_failure_risk,1,1.00,0.00000,0.51085,0.96000,1.00000,0.00415,0.60000
hybrid_diversity_risk,1,1.00,0.00000,0.50336,0.83333,1.00000,0.00876,0.60000
failure_stratified_engine,1,1.00,0.00000,0.51858,0.87333,1.00000,0.01091,0.60000
failure_stratified_engine_v5,1,1.00,0.00000,0.52098,0.89333,1.00000,0.00210,0.60000
oracle_failure_strata,1,1.00,0.00000,0.52040,1.00000,1.00000,0.01194,0.60000
uncertainty_sampling,2,1.00,0.00000,0.50987,0.86439,1.00000,0.01865,0.60000
failure_prediction_active_learning,2,1.00,0.00000,0.50756,0.72518,1.00000,0.01178,0.60000
calibrated_failure_risk,2,1.00,0.00000,0.50756,0.72518,1.00000,0.01336,0.60000
hybrid_diversity_risk,2,1.00,0.00000,0.51172,0.85283,1.00000,0.02233,0.60000
failure_stratified_engine,2,1.00,0.00000,0.50214,0.87289,1.00000,0.01028,0.60000
failure_stratified_engine_v5,2,1.00,0.00000,0.47447,0.79689,1.00000,0.02404,0.60000
oracle_failure_strata,2,1.00,0.00000,0.51622,0.98182,1.00000,0.00655,0.60000
uncertainty_sampling,3,1.00,0.10000,0.49401,0.97500,0.90000,0.01006,0.60000
failure_prediction_active_learning,3,1.00,0.10000,0.50896,0.90500,0.90000,0.00562,0.60000
calibrated_failure_risk,3,1.00,0.10000,0.50915,0.90500,0.90000,0.00560,0.60000
hybrid_diversity_risk,3,1.00,0.10000,0.51157,0.82500,0.90000,0.04780,0.60000
failure_stratified_engine,3,1.00,0.10000,0.50300,0.95000,0.90000,0.00264,0.60000
failure_stratified_engine_v5,3,1.00,0.10000,0.50646,0.95500,0.90000,0.03278,0.60000
oracle_failure_strata,3,1.00,0.10000,0.49788,0.85500,0.90000,0.00806,0.60000
uncertainty_sampling,4,1.00,0.00000,0.48948,0.66000,1.00000,0.06288,0.90000
failure_prediction_active_learning,4,1.00,0.00000,0.45309,0.57500,1.00000,0.10620,0.90000
calibrated_failure_risk,4,1.00,0.00000,0.45309,0.57500,1.00000,0.10592,0.90000
hybrid_diversity_risk,4,1.00,0.00000,0.39505,0.46522,1.00000,0.13440,0.90000
failure_stratified_engine,4,1.00,0.00000,0.46028,0.62000,1.00000,0.04437,0.90000
failure_stratified_engine_v5,4,1.00,0.00000,0.46746,0.64000,1.00000,0.09287,0.90000
oracle_failure_strata,4,1.00,0.00000,0.48500,0.68000,1.00000,0.04694,0.90000
uncertainty_sampling,5,1.00,0.00000,0.52448,0.96000,1.00000,0.02343,0.90000
failure_prediction_active_learning,5,1.00,0.00000,0.52251,0.88000,1.00000,0.02184,0.90000
calibrated_failure_risk,5,1.00,0.00000,0.52299,0.88000,1.00000,0.02046,0.90000
hybrid_diversity_risk,5,1.00,0.00000,0.50815,0.84000,1.00000,0.06235,0.90000
failure_stratified_engine,5,1.00,0.00000,0.51660,0.88000,1.00000,0.01575,0.90000
failure_stratified_engine_v5,5,1.00,0.00000,0.50434,0.84000,1.00000,0.03309,0.90000
oracle_failure_strata,5,1.00,0.00000,0.51610,0.90000,1.00000,0.01288,0.90000
uncertainty_sampling,6,1.00,0.00000,0.45559,0.61923,1.00000,0.00272,0.70000
failure_prediction_active_learning,6,1.00,0.00000,0.46863,0.73590,1.00000,0.00104,0.70000
calibrated_failure_risk,6,1.00,0.00000,0.46863,0.73590,1.00000,0.00189,0.70000
hybrid_diversity_risk,6,1.00,0.00000,0.46250,0.65769,1.00000,0.01925,0.70000
failure_stratified_engine,6,1.00,0.00000,0.46429,0.72436,1.00000,0.00518,0.70000
failure_stratified_engine_v5,6,1.00,0.00000,0.46444,0.74103,1.00000,0.00209,0.70000
oracle_failure_strata,6,1.00,0.00000,0.47397,0.67308,1.00000,0.00670,0.70000
uncertainty_sampling,7,1.00,0.00000,0.51620,0.88489,1.00000,0.03785,0.80000
failure_prediction_active_learning,7,1.00,0.00000,0.50054,0.88889,1.00000,0.03518,0.80000
calibrated_failure_risk,7,1.00,0.00000,0.50054,0.88889,1.00000,0.04230,0.80000
hybrid_diversity_risk,7,1.00,0.00000,0.51539,0.85689,1.00000,0.10005,0.80000
failure_stratified_engine,7,1.00,0.00000,0.51850,0.88889,1.00000,0.03497,0.80000
failure_stratified_engine_v5,7,1.00,0.00000,0.52271,0.86889,1.00000,0.07165,0.80000
oracle_failure_strata,7,1.00,0.00000,0.52471,0.88889,1.00000,0.03002,0.80000
